idade,limite_credito,gasto_mensal,transacoes_mes,parcelamentos_ativos
25,1465.75,623.68,2,0
51,19174.78,7686.48,15,1
40,9278.83,3684.01,8,3
26,1960.62,985.84,1,0
31,1134.99,511.58,6,0
29,1594.88,0.0,2,1
63,16890.69,6611.92,15,2
44,10359.81,3273.09,8,3
19,4939.38,1703.24,2,0
33,6696.29,2063.51,6,4
43,16716.54,5986.89,11,4
53,1060.51,2604.99,4,4
41,7525.77,2791.74,9,1
54,16592.5,8091.26,17,3
25,2646.56,1238.25,4,5
19,3707.24,1533.69,1,1
42,5141.17,2597.71,0,5
43,8690.35,3945.55,8,2
44,6009.58,2568.87,9,2
31,9158.65,3372.41,10,1
36,2653.03,1380.08,3,0
64,17109.38,7384.49,18,3
26,9453.77,3151.39,8,4
39,7929.37,4410.56,9,3
18,1852.65,1004.33,0,1
24,3079.7,457.65,0,2
22,2682.21,328.17,0,0
44,8496.72,2826.69,8,2
21,1076.62,469.33,4,1
57,16986.73,7178.95,15,4
32,1937.52,2178.41,6,3
31,4708.15,384.17,4,5
41,500.0,361.67,0,4
25,4760.24,950.17,5,7
42,7048.37,2073.39,6,4
57,16457.23,6478.96,13,5
47,3997.52,2337.81,2,6
42,8583.68,3540.01,10,2
42,500.0,357.21,1,2
36,1429.13,2365.3,5,5
44,21376.44,6772.53,12,2
39,2813.7,2385.84,2,6
32,4251.67,524.45,2,6
46,18013.43,7553.47,10,1
40,6038.55,2777.12,4,2
24,2692.48,1469.39,4,2
27,5518.54,1780.97,1,4
46,7960.37,3498.63,8,2
24,7229.39,322.31,0,7
38,9296.14,4325.7,5,3
36,8943.09,5109.5,4,4
35,7061.81,3436.89,10,4
33,5461.96,0.0,4,6
53,16669.93,5288.14,13,4
35,5285.07,1662.9,7,6
37,5429.03,4704.91,6,4
26,2064.95,1770.47,2,1
54,18891.16,7125.97,12,1
26,8019.84,4377.4,10,2
44,2955.61,1334.9,5,7
31,4427.76,0.0,5,8
18,1639.17,0.0,5,0
46,9112.07,4455.41,7,3
26,2997.0,1238.71,4,2
53,16982.88,5943.85,12,1
40,7394.81,3833.19,5,3
35,5096.7,1079.84,2,1
27,4526.48,0.0,1,1
53,15641.63,7598.27,17,3
42,3862.6,1299.3,4,1
34,5236.97,2463.51,3,4
30,11104.05,4928.02,6,4
41,7276.84,1806.25,4,6
55,15317.73,5395.57,14,4
39,6109.76,1765.69,0,5
24,3688.96,1184.74,3,8
32,11256.99,2701.37,7,3
34,9542.2,2999.49,10,4
41,5167.39,1391.7,7,5
52,18078.03,7531.78,11,5
51,7807.97,4501.55,7,3
30,500.0,761.75,4,1
43,16526.37,7425.19,15,2
29,3796.0,644.22,3,6
26,7304.76,4550.13,4,3
33,4712.49,2068.32,2,5
42,10878.13,3110.08,8,6
53,17151.51,7029.69,14,5
35,3932.88,841.94,4,5
43,16711.83,5587.91,14,2
50,21231.51,6910.62,15,2
20,4491.8,921.06,4,4
38,7106.64,2653.35,6,2
42,7218.42,3955.25,9,4
56,15961.52,6418.34,17,1
29,4650.71,1445.9,5,6
28,1588.9,155.23,2,2
35,6805.15,3347.11,9,2
39,9013.83,3978.74,8,3
37,9812.3,3113.24,7,3
66,15753.8,6040.58,10,5
38,11690.23,4133.4,4,2
22,5400.71,981.31,3,2
18,1479.65,543.69,0,0
23,500.0,2021.97,4,0
43,8485.94,2260.24,6,3
46,3948.42,2504.42,2,6
48,6140.92,3736.96,6,4
37,6964.83,1072.09,3,5
38,5681.83,1710.77,4,6
28,4832.33,91.14,2,7
36,2568.4,1104.87,3,6
26,10694.09,3321.01,8,5
31,10301.71,2556.19,6,2
42,9055.59,4592.82,6,2
66,16911.46,7183.39,16,3
40,17819.98,7361.53,14,3
18,2278.92,1512.88,4,6
38,9936.68,4090.84,9,4
37,8885.99,4288.6,8,1
46,7877.32,4712.93,8,1
33,5117.96,2764.79,4,7
66,16412.75,7962.22,13,3
33,3628.01,921.54,7,6
41,2055.82,1975.04,3,4
24,4378.42,959.5,2,2
49,16063.81,6885.57,13,5
31,6244.92,0.0,2,3
27,1140.56,38.36,0,2
31,3978.63,2731.58,3,4
23,8855.63,3553.31,9,3
37,3941.38,2207.76,2,1
25,764.06,0.0,3,1
51,11867.84,3846.24,8,3
48,3163.59,710.87,0,5
38,1319.0,170.64,1,1
29,1553.76,1563.39,2,1
23,2008.05,168.01,0,3
25,2291.13,397.18,0,2
49,20225.31,6673.85,15,3
35,5116.24,2030.02,2,6
43,10750.36,1109.5,4,3
32,6396.07,0.0,4,5
33,8778.16,3738.15,9,0
30,8544.46,4436.32,9,4
38,8191.85,1288.94,3,6
45,9968.1,4373.51,6,1
38,2775.4,579.8,6,7
46,6769.93,2861.01,6,2
31,3479.69,1753.44,1,2
38,6300.79,4170.79,4,2
26,2731.55,1543.89,0,1
49,19069.94,7506.66,14,3
27,5296.85,2695.92,2,5
28,5401.52,1970.5,1,6
33,3763.73,1820.2,7,1
39,854.76,569.14,2,3
38,8324.61,3582.16,11,6
36,9194.19,4245.31,5,3
48,18122.6,8257.64,10,2
43,6448.03,4686.8,7,3
44,500.0,863.28,2,3
37,14441.59,6575.04,13,2
40,15085.79,6693.34,14,2
24,500.0,2862.41,0,0
45,16139.89,7171.86,17,2
18,4650.66,1436.34,2,2
56,14043.44,7478.73,16,3
34,10168.23,5180.72,7,4
39,4906.36,1861.79,4,1
24,5470.68,710.55,1,1
44,6003.93,0.0,2,4
22,732.61,537.46,4,1
45,16347.89,5661.73,11,3
39,5515.18,1634.24,6,5
28,4328.41,1757.88,5,5
34,4156.96,0.0,4,2
23,7704.39,2847.94,8,4
42,7032.2,3462.33,9,3
58,16529.65,7719.78,15,2
48,16664.21,6022.96,16,6
35,4187.11,1460.14,5,4
62,20071.77,8981.38,17,4
39,5305.57,2992.82,12,2
50,15192.1,8001.98,14,5
48,6378.35,3953.54,5,2
18,2421.25,1456.98,4,1
51,16369.94,8465.39,14,3
38,7072.58,737.69,6,6
35,15443.41,7687.39,13,3
58,16731.15,5114.86,13,4
41,6692.73,2045.17,5,4
26,4925.12,2082.19,2,6
35,17441.64,9150.98,14,4
51,6884.29,3107.44,8,3
42,17156.96,6226.63,11,3
65,16765.18,5469.27,16,3
34,4518.37,2476.14,4,0
30,3580.74,2057.11,2,2
56,17483.34,6116.72,14,4
71,17568.81,4792.58,16,3
27,500.0,1532.78,0,2
51,19318.68,6915.39,13,4
31,2169.61,373.04,1,4
26,1895.73,1516.25,3,1
57,17711.66,8707.99,10,3
48,8660.62,2845.62,10,3
36,4218.75,1306.16,5,6
38,2863.25,861.63,3,5
50,8619.44,4915.22,12,5
18,889.6,1172.47,2,0
54,19100.19,7744.23,14,4
37,3765.86,2180.19,4,7
26,500.0,0.0,1,0
45,7188.45,1340.36,4,4
19,2611.92,1054.69,4,2
40,8962.87,3361.73,10,3
49,14518.86,7707.27,20,2
39,3859.78,1892.88,4,5
42,10208.58,4205.23,8,2
18,4490.04,1062.65,0,1
40,9739.03,2577.34,5,1
18,2229.31,1974.36,0,2
30,500.0,1015.85,1,3
31,8424.29,2835.83,8,3
34,2012.19,1999.64,4,5
48,16467.2,7524.61,14,2
49,5775.6,4218.09,9,3
25,11050.17,4263.92,6,3
46,10121.87,4015.77,8,4
39,3824.56,220.32,4,1
20,3869.88,157.25,4,1
35,8110.91,2302.12,3,3
30,6899.71,436.62,2,6
40,17032.72,7443.62,14,4
43,4675.69,3665.33,8,4
30,2655.66,742.37,2,4
50,18792.35,7063.57,15,4
33,3088.61,0.0,3,2
52,2848.14,1412.55,7,5
22,1096.56,771.45,4,1
32,2045.03,0.0,6,1
45,7346.88,3876.7,6,1
18,500.0,1871.46,5,0
21,4255.61,686.29,2,6
21,3850.33,429.67,4,1
24,500.0,1717.26,2,0
27,3361.62,2425.78,0,6
54,14705.35,7629.22,12,1
51,7368.79,2874.59,10,4
29,2947.1,0.43,1,0
59,17022.93,8249.33,14,3
34,3414.66,498.96,0,0
37,4871.53,2975.26,6,4
23,500.0,1173.95,3,0
49,4343.9,1404.52,7,3
47,10905.23,3038.74,7,5
32,7953.02,1449.61,6,1
46,11722.67,4566.46,8,4
30,2364.88,1810.46,5,2
56,17204.18,6664.97,13,3
48,19916.28,8574.62,15,2
34,3264.81,1853.08,4,0
35,8578.79,3618.19,7,2
26,500.0,196.77,1,0
38,10557.23,4537.38,8,2
21,8262.04,3699.84,4,3
26,2725.81,1470.92,4,3
42,9618.97,3957.54,11,4
39,1702.48,0.0,1,0
22,500.0,1300.76,4,2
25,3267.93,1001.75,7,4
43,10430.41,2241.38,6,2
39,11505.56,3237.68,5,1
31,10880.35,4345.93,7,1
43,3019.08,981.87,0,4
53,17272.09,7680.47,12,4
52,8015.02,2237.17,9,1
67,18393.24,7823.18,13,3
34,9475.75,3674.04,16,3
52,18753.41,6427.03,12,4
43,17640.98,6286.79,14,2
20,3374.25,0.0,0,1
36,8158.73,2433.39,0,7
30,500.0,1021.37,0,2
44,8172.87,2587.55,3,6
45,15623.6,8543.35,12,4
31,2644.35,821.66,1,6
30,4093.95,2160.89,5,5
18,1861.94,1970.91,4,0
28,3845.7,281.82,5,0
32,2244.56,2068.67,1,0
32,8751.38,3634.81,10,0
29,7602.68,3872.93,9,3
45,5744.16,808.49,4,5
30,3627.13,1339.82,0,0
43,5671.65,0.0,1,6
47,9920.18,3467.66,5,2
50,17815.64,7257.41,10,2
20,1602.03,0.0,5,0
36,6247.35,1260.98,3,6
48,15965.41,6813.44,13,1
35,1656.52,517.69,1,0
39,1907.58,830.58,0,2
26,4374.14,882.23,3,1
35,500.0,1378.3,2,2
25,1151.09,765.16,4,0
40,5616.86,3653.82,8,0
28,1901.37,1076.13,2,1
56,16819.64,5831.42,13,5
58,18798.62,5957.83,13,0
54,21183.04,6772.77,11,5
36,3962.57,2832.34,3,5
18,2305.82,0.0,2,0
40,17466.93,8365.26,9,5
51,10431.55,2995.27,8,2
19,7212.67,3629.26,6,4
18,3311.0,1989.39,1,0
42,7150.76,601.26,2,3
28,1326.92,444.52,7,1
37,2225.05,1004.58,4,3
46,15897.47,9145.98,12,4
21,1661.52,0.0,0,1
18,3164.6,1874.56,3,2
21,4411.33,0.0,1,1
18,500.0,0.0,3,3
43,7752.7,3471.69,9,2
36,7596.31,3381.64,10,2
43,3449.41,897.19,5,5
29,903.68,1216.75,2,1
19,3349.22,1212.24,5,2
21,500.0,1172.58,4,2
24,2586.9,1243.91,0,1
18,4196.75,2305.78,4,3
37,1540.38,1568.12,5,7
42,14916.95,6434.81,13,3
27,575.93,972.86,2,2
33,7802.61,2834.56,5,3
21,6985.3,498.69,2,6
37,7127.22,3122.87,7,3
24,2620.42,1164.22,3,2
27,5512.25,2293.68,4,5
29,2196.4,1158.5,0,0
37,8947.83,4655.16,9,2
56,12669.48,7141.51,13,2
34,596.82,0.0,4,0
28,1244.55,0.0,3,1
29,1526.93,772.79,1,1
28,9816.78,4223.68,8,2
48,8141.8,4253.04,9,2
50,15910.65,6036.46,11,1
44,15955.27,7896.47,17,4
36,6937.33,4452.33,10,2
28,9716.58,3475.15,7,4
42,16833.28,8603.35,16,2
18,2639.36,2037.22,6,1
29,3771.73,0.0,3,4
53,18243.33,7594.12,18,2
28,500.0,951.15,1,2
38,8883.01,3835.09,11,3
39,6920.6,3360.97,9,3
40,4213.31,1884.33,5,2
50,21342.59,6594.5,9,3
26,5977.55,1016.84,3,1
23,1818.13,0.0,0,2
18,3120.1,770.74,4,0
33,3815.57,1884.55,4,4
44,10330.68,2490.07,7,1
34,7311.61,2149.37,7,3
28,7840.39,1501.54,0,7
22,6758.2,2075.18,4,5
20,1303.89,1354.89,2,1
42,7119.18,1489.98,0,6
23,2347.75,1007.06,2,1
25,1812.04,1927.44,1,1
25,7124.52,2428.08,2,6
19,4523.91,713.02,1,5
18,4067.5,1677.55,0,1
26,2636.77,612.32,3,7
50,7734.84,5014.61,10,1
36,10901.97,3173.79,8,3
63,13741.38,9452.43,14,4
40,1178.65,0.0,0,2
27,8949.05,3632.32,11,3
33,2697.87,780.84,3,1
44,9432.31,2328.13,5,4
19,8319.99,3681.0,8,3
41,19528.2,6176.58,13,3
34,5125.85,1428.92,2,5
18,5210.33,363.76,0,2
63,17686.22,8008.78,14,2
45,8517.52,3239.11,10,1
20,2067.36,979.73,2,0
35,10347.96,3408.51,14,2
35,7942.59,4455.28,11,2
56,18626.19,9211.06,13,3
22,6309.47,633.98,2,3
39,5835.93,2353.6,6,3
53,20517.03,7489.31,13,3
27,10461.21,2442.36,7,4
39,1213.51,2313.01,3,2
28,2343.35,2657.14,0,0
46,4522.25,2024.62,2,6
34,3257.55,594.94,8,6
37,4305.34,1509.27,1,6
29,2239.71,403.36,4,2
55,16326.88,7902.69,12,2
31,10336.39,3293.06,6,4
31,1223.98,599.95,0,0
32,2725.16,0.0,1,1
41,8772.75,5197.6,5,4
18,2452.42,1670.78,0,0
57,5697.08,2731.86,4,5
51,19515.21,8029.62,15,5
43,7778.99,4345.97,4,2
41,3830.06,1458.93,3,6
29,4551.0,1467.16,5,5
43,822.52,2261.47,1,6
42,5556.49,1646.04,3,6
53,15361.9,6782.75,14,2
64,18991.04,8501.39,13,2
22,5047.16,175.25,4,2
23,3910.65,268.5,3,2
18,3479.51,565.21,2,0
44,18931.57,4670.32,12,3
42,6746.89,3579.74,7,1
30,1783.06,0.0,1,2
27,4507.03,2233.7,0,2
56,16093.18,7865.58,12,1
36,2698.06,1288.74,5,4
21,1402.46,581.57,2,1
22,5055.22,200.18,0,4
30,1383.34,1280.05,2,0
38,4116.87,2800.84,5,3
48,19546.63,5657.1,14,4
37,5406.4,1578.01,3,1
32,1537.75,974.61,2,0
42,1656.41,2231.35,2,5
32,3703.06,2597.18,4,0
34,4260.76,1064.36,4,6
18,5438.31,106.95,2,4
18,1241.3,0.0,0,0
18,3116.7,0.0,4,0
28,4485.82,1164.59,5,6
33,5329.13,118.79,6,5
43,19135.79,6911.66,14,4
49,5723.69,2526.31,7,2
38,6373.89,2150.72,7,0
31,6245.42,45.23,4,6
28,1985.18,357.4,2,0
43,9961.3,2688.45,7,1
36,2702.75,110.79,1,1
40,5272.85,1845.2,4,7
29,960.57,1243.64,1,1
18,8986.77,4036.59,5,3
59,18124.5,6053.66,14,5
20,4658.68,372.24,4,0
44,9680.64,4573.28,8,2
42,8525.12,2746.44,8,2
40,2622.86,0.0,5,0
47,15577.87,7401.1,15,4
47,12214.17,3411.23,7,2
49,10224.91,4920.27,8,0
66,17737.65,6269.65,14,4
56,19110.2,5263.73,12,2
18,5496.41,2023.98,8,0
53,17236.83,5934.62,18,4
68,16101.03,8092.36,13,5
44,17681.02,8069.96,14,4
35,1416.71,652.56,5,0
27,5546.29,1797.33,3,6
53,18345.24,7189.67,10,3
51,6462.25,3740.73,10,4
30,8391.36,4458.12,6,3
35,8119.3,3128.7,7,3
42,4580.52,1786.36,4,4
27,4152.98,474.04,2,1
18,4911.63,327.55,0,1
40,5868.26,1544.46,0,6
38,3870.59,3292.11,0,1
58,12767.97,7240.69,14,1
66,15864.39,6930.17,16,3
24,500.0,1709.73,0,0
42,12645.54,3230.82,8,4
44,11840.08,3252.54,8,3
62,16899.57,7188.78,17,4
19,3082.83,224.5,2,2
36,1968.98,2382.9,0,1
49,9598.65,2722.9,10,2
51,15874.11,6798.35,13,3
26,1374.58,76.37,0,0
44,7665.2,3016.38,6,2
51,16635.85,6551.93,15,4
33,7484.49,703.5,4,6
53,17462.62,7822.01,14,4
41,9371.96,4143.62,9,2
50,7361.18,3753.24,9,3
39,3785.81,175.05,5,0
60,21573.95,6351.44,17,3
38,7237.26,2980.46,4,3
48,19212.94,7434.32,13,3
60,17075.01,6264.76,17,4
52,10500.92,4446.74,7,3
52,15114.99,8277.23,19,4
46,2232.97,715.86,3,3
48,14699.77,7199.2,15,4
18,3442.15,183.0,1,3
36,6395.68,3691.73,12,1
48,9213.56,5236.84,8,0
62,15975.03,7016.24,15,5
33,4171.78,4441.21,9,2
22,4882.21,2231.49,4,8
29,1887.2,719.52,1,1
42,11026.54,2852.52,7,2
46,7406.17,4463.73,6,0
24,1802.98,0.0,0,2
32,10762.08,5463.47,6,4
62,17838.33,6953.33,11,2
50,18404.88,8301.82,13,2
33,3716.36,480.77,1,1
26,513.99,910.39,4,0
19,4368.9,0.0,0,1
52,20643.72,6511.92,11,3
32,3720.73,815.49,2,1
34,10791.79,4166.67,7,1
31,1721.9,1548.87,4,2
61,14971.23,8154.24,15,4
50,16709.59,6330.65,15,2
47,8415.2,3036.6,6,3
27,8461.62,3708.87,8,2
18,4466.67,1588.42,0,0
60,15073.07,7743.27,17,2
52,16963.29,8036.67,16,4
33,10068.49,3891.67,5,1
18,500.0,622.62,4,1
25,500.0,1087.76,1,1
34,500.0,0.0,1,0
34,500.0,1238.21,2,0
44,9813.46,3278.77,7,3
22,5141.71,1848.83,4,3
51,16330.78,7796.51,14,4
30,7979.55,3897.68,1,3
27,1745.56,1162.07,5,2
52,18075.35,8107.63,16,3
18,2720.33,1273.17,4,1
18,1114.85,287.79,3,0
31,1927.68,1608.24,0,3
42,19038.99,7245.01,13,2
48,11656.88,5773.56,4,2
37,18285.61,7346.2,15,4
32,500.0,263.09,2,0
68,15507.4,7522.5,11,3
42,12006.26,3394.65,8,0
26,4031.27,1825.7,1,8
38,6608.98,1092.49,2,6
44,8701.8,2553.03,7,3
42,8442.71,3560.93,9,0
43,3444.36,0.0,2,1
39,17902.38,7923.49,16,3
51,8655.84,3638.24,8,4
39,5420.26,1661.09,5,6
18,2725.89,147.85,0,1
26,500.0,1292.41,1,3
18,3775.54,0.0,0,0
20,2660.2,1780.47,4,4
32,6131.0,6393.23,9,4
22,6466.69,871.09,6,5
27,500.0,593.64,2,0
45,7965.54,4290.19,3,5
41,10047.87,3683.21,8,3
49,7402.12,4416.86,2,3
35,3652.63,871.15,4,3
22,2507.38,1421.96,0,2
47,19560.19,6341.29,13,2
38,4423.85,4190.28,8,3
23,500.0,597.88,0,1
26,500.0,594.74,3,2
61,17992.77,6406.09,12,4
38,6694.67,4599.49,8,0
52,7131.79,3708.64,9,3
28,3271.95,1660.95,0,7
55,8492.74,3069.3,7,3
46,6889.07,2227.36,6,5
31,5767.08,1431.85,3,5
43,16013.65,7099.9,17,2
32,5672.46,2116.49,4,0
51,16226.88,7041.25,15,1
44,5026.08,4146.77,9,0
27,1835.02,1423.01,3,4
21,4593.97,1167.61,1,1
34,1814.01,2314.4,4,1
38,5277.77,2086.99,6,4
28,500.0,355.3,2,1
50,16920.61,8186.78,12,4
43,631.94,0.0,3,1
18,1684.72,665.9,3,0
39,3946.33,941.26,4,5
43,5814.9,2925.0,8,6
41,6518.45,2450.51,4,3
19,1799.92,1024.88,2,2
51,7146.75,4488.33,7,1
34,500.0,684.67,3,2
26,3101.43,1351.56,2,1
50,16936.16,8244.75,16,5
36,16858.92,7969.07,14,4
53,16948.15,5858.52,15,0
18,500.0,2138.3,3,2
25,2858.83,1119.76,0,1
18,2385.39,981.72,4,1
35,12665.78,4308.05,9,4
41,9909.22,4668.4,8,3
31,6071.53,4101.77,7,4
45,16264.75,7281.88,14,4
23,2621.71,3729.61,5,6
46,6139.38,3774.4,5,3
60,19428.1,6620.31,15,1
43,6760.03,3740.09,12,2
18,2746.12,1780.89,1,2
28,11174.23,4200.26,6,3
36,4441.44,255.85,0,0
60,14624.76,8070.4,12,5
29,6743.75,595.93,1,4
35,500.0,1691.33,2,0
25,1009.62,2399.24,0,0
30,2975.33,0.0,1,4
52,17649.01,8313.64,15,6
25,2915.9,833.85,5,1
18,500.0,2065.9,3,0
42,1920.65,1770.44,3,0
18,500.0,2629.05,0,1
55,19273.37,6177.04,14,1
40,3445.64,743.37,2,5
32,9165.97,4503.12,8,0
37,8768.62,2311.25,7,0
50,17585.4,7837.01,16,3
28,12348.49,1822.28,7,2
30,2297.09,2098.52,2,0
31,5647.6,0.0,5,4
47,9624.61,1867.47,8,1
39,714.48,849.33,3,3
20,5692.43,1743.79,7,4
27,1766.91,766.21,3,0
65,19229.92,8543.3,11,3
36,8641.04,2995.62,4,2
54,17933.22,7813.68,19,1
30,1415.84,1735.75,1,1
38,2840.9,401.11,7,7
33,6682.04,565.44,5,4
46,16496.74,6305.6,14,3
50,15300.94,7266.05,13,2
52,14903.1,7677.79,15,2
42,9321.5,3474.44,5,1
29,2819.55,1138.16,8,3
31,2015.97,0.0,3,0
43,17375.54,8248.29,13,2
33,3162.03,2572.38,4,4
53,9056.14,2954.72,7,3
38,3166.8,1154.33,6,6
54,7108.55,1863.97,4,3
56,7345.89,2255.24,7,3
21,1972.01,2148.01,2,2
52,18537.52,6436.12,14,2
49,16654.18,7071.79,18,4
20,2269.1,2898.34,2,2
61,16532.54,6426.99,17,1
19,1079.83,0.0,3,1
31,8650.98,4604.61,2,3
38,5064.95,4468.55,8,2
25,4014.06,235.89,4,0
25,6521.17,2139.05,4,0
27,6426.91,216.04,5,1
36,6988.58,3026.53,8,3
42,8988.56,3761.99,9,4
55,16496.3,7872.97,15,6
58,19029.82,6876.19,13,1
37,8519.07,3138.36,6,2
28,5873.91,1879.26,7,6
42,7056.57,2434.72,7,2
32,3605.24,0.0,4,1
23,10686.83,2602.89,7,3
31,2648.01,1976.81,2,2
29,3433.84,1037.11,0,1
53,16986.51,6278.66,15,5
24,3695.77,303.17,3,2
41,16320.35,7700.57,17,3
33,5503.94,0.0,5,4
35,10105.76,4329.62,7,2
32,2088.86,1334.16,0,3
40,1671.04,0.0,3,5
25,1868.81,925.22,2,1
40,6664.52,4641.22,7,3
29,6425.37,2374.65,8,2
41,2560.53,950.38,2,5
23,3431.53,2286.01,2,3
42,10452.15,3461.02,8,5
41,8721.39,5451.65,6,3
20,1995.1,301.27,0,0
56,14443.97,5544.23,12,2
55,16827.8,6649.86,14,2
30,3148.46,3675.46,2,4
18,8983.26,0.0,1,4
33,14072.05,7875.73,15,1
34,8384.37,3425.13,9,3
53,7421.69,5601.03,6,3
29,4998.42,1961.1,2,6
57,18376.47,6671.26,15,4
18,7592.19,2497.2,5,4
31,500.0,75.37,3,0
37,4929.99,1982.91,4,5
54,17343.24,6839.23,17,2
55,16739.54,7129.34,17,2
49,18055.01,8132.19,14,4
42,17134.37,8295.19,10,2
54,17901.22,7834.27,16,3
38,6896.08,4068.17,7,2
41,3143.63,0.0,2,5
41,7916.99,3983.61,7,3
28,10297.42,3367.14,7,2
44,8710.96,2712.02,5,4
32,7894.51,0.0,0,4
59,16145.73,7522.96,14,4
32,1641.06,1105.48,4,2
23,1065.56,3306.76,3,2
27,6407.89,828.32,3,4
42,7332.67,4804.9,5,2
29,7925.6,2717.51,8,4
27,5123.21,452.71,1,4
31,7561.13,4428.71,9,3
26,11109.05,3092.65,9,1
28,2013.64,0.0,4,2
35,5542.93,3450.75,2,3
37,13992.67,6684.19,15,2
63,15662.26,5649.61,15,3
61,12845.62,6963.31,14,3
37,6803.12,2451.54,6,3
23,9571.81,3590.35,9,5
25,500.0,1286.94,3,1
51,3695.05,1138.72,4,7
18,2994.81,2614.92,4,2
63,19054.81,6235.53,13,4
18,500.0,0.0,1,1
38,1404.31,29.41,2,0
44,8357.06,3387.72,7,1
50,8508.11,4733.67,7,2
34,4698.23,221.48,0,0
23,500.0,160.96,2,1
42,8388.92,4120.09,6,3
31,1426.79,0.0,2,1
28,3545.98,1340.72,3,6
51,18535.98,7320.78,15,4
20,5634.31,1383.77,3,5
34,6623.26,3190.64,4,1
46,7618.13,4892.94,7,3
41,17805.69,6105.61,11,2
44,2277.94,924.94,4,3
19,4017.69,558.01,4,1
46,10471.18,3518.8,6,4
48,20209.11,7179.08,13,3
40,2976.28,221.16,3,6
46,15999.22,8914.78,12,3
31,1791.41,204.01,4,3
28,5211.94,2589.2,2,6
31,10339.26,3183.65,7,2
37,10045.06,2815.98,8,3
48,15280.48,7367.43,16,4
42,14875.32,6768.88,14,3
33,7464.68,3283.42,9,0
39,4662.41,1264.4,0,4
44,6216.09,3639.57,5,2
49,7050.11,1888.2,4,4
29,581.79,0.0,0,2
47,17544.17,8317.71,18,5
30,2093.68,83.93,3,0
29,2004.69,1062.74,2,3
32,10268.18,3493.81,6,2
67,16658.55,6216.93,11,4
32,5028.74,1206.97,5,4
34,4424.37,1453.53,4,4
63,15421.63,5624.13,14,2
38,6641.33,990.34,5,1
52,17680.6,7544.71,10,3
67,14510.34,7670.65,17,2
37,4893.44,1028.12,6,7
31,1144.64,0.0,0,2
38,9698.08,5003.33,7,3
29,7188.89,4501.46,6,4
24,10339.0,3029.67,6,3
60,17964.68,7015.3,12,4
39,7929.78,5191.61,4,3
30,6372.74,1738.45,5,0
37,9819.77,3860.28,6,3
45,10995.58,1220.63,5,5
19,740.44,1711.33,4,1
40,13924.02,6605.81,12,3
43,8163.46,2594.02,7,4
18,500.0,354.3,1,1
27,7503.3,1984.79,6,4
64,16658.44,6007.56,14,3
37,3392.12,953.88,2,5
18,3715.45,1044.62,2,4
47,7729.09,4547.95,10,2
34,6723.86,1205.53,4,4
46,17294.87,5704.89,16,3
49,16480.12,6916.87,17,3
41,8282.18,3162.77,9,3
42,6863.01,4694.35,5,5
22,2019.98,1792.84,7,1
45,13353.9,6399.19,10,4
26,2381.49,1294.61,0,2
25,500.0,1908.05,1,2
52,18994.08,6272.39,15,3
31,7674.72,3033.45,6,3
49,16569.14,6407.14,14,1
37,7777.69,2842.38,6,3
34,3197.56,1457.01,1,0
27,2156.6,0.0,2,2
18,3176.81,0.0,5,6
30,2789.89,324.03,1,2
49,4230.01,1344.19,0,5
66,17581.13,7762.98,16,2
46,17707.61,6720.16,16,1
18,500.0,0.0,0,2
43,4561.52,562.63,3,5
32,6625.39,221.71,5,5
20,6843.08,1911.94,3,3
32,7908.44,4334.89,6,2
40,9527.8,3651.98,8,1
43,6813.97,2859.55,10,1
40,10793.49,2349.27,7,2
27,1639.23,785.25,5,1
54,9333.83,3370.54,9,3
25,500.0,1380.73,4,1
50,18304.85,6714.36,13,3
29,500.0,1064.04,1,3
46,2651.05,919.83,4,1
46,3103.26,1275.92,4,5
37,8999.52,3011.01,8,1
34,8760.19,4220.6,6,4
38,8221.33,2489.64,8,1
40,9292.01,2605.31,5,2
41,9951.16,3218.15,6,3
30,3246.77,2469.97,3,6
32,500.0,1913.9,0,0
43,7835.52,3451.28,8,2
56,17770.73,6972.86,12,4
18,500.0,1623.02,0,0
51,9972.93,3207.35,7,2
33,500.0,1311.11,2,0
18,2759.42,0.0,3,0
18,1035.01,700.64,0,1
33,4241.65,536.35,4,6
32,821.02,388.29,2,1
27,500.0,682.0,1,1
32,560.07,777.61,2,0
26,3230.89,307.27,0,0
46,9027.95,2851.68,8,3
49,15654.44,8779.66,16,2
22,2456.06,1292.14,2,1
35,8058.64,3221.79,7,4
21,4209.4,1260.87,2,6
20,2703.58,889.29,2,2
33,556.48,1752.19,7,1
18,2580.7,409.03,2,0
40,5618.08,2968.74,4,5
34,3167.83,621.48,5,2
47,5899.27,760.92,5,4
35,4468.55,1775.89,4,5
33,1400.54,0.0,3,1
21,2018.4,359.92,1,0
44,10474.41,2987.43,8,3
47,13981.09,7239.48,18,4
42,6647.61,2311.63,8,1
54,8224.67,3829.2,7,3
57,15661.02,6332.88,16,4
28,7060.01,2549.46,1,7
69,18400.63,7641.26,17,5
24,1967.63,52.63,0,0
32,4948.48,0.0,0,1
20,2970.89,0.0,1,2
52,7776.76,4083.75,6,3
50,18928.51,7077.87,17,6
26,5628.07,1178.75,0,7
18,2236.74,1416.56,4,1
32,4755.99,1712.08,7,6
47,9769.75,4832.44,7,1
28,4943.86,1937.65,3,5
18,2878.56,167.88,2,2
23,7516.68,1484.93,4,3
24,5963.84,2567.9,4,3
22,5547.25,2583.41,6,4
21,500.0,341.73,2,0
18,4747.19,386.59,5,5
29,8585.47,3632.28,6,3
37,7021.77,2379.31,1,4
35,500.0,1784.97,1,1
67,13857.13,7997.77,17,4
30,6392.6,3767.01,6,0
23,968.72,1129.76,2,0
54,13905.46,7790.38,15,3
37,10728.7,3059.34,7,4
49,17129.48,6573.31,17,4
24,3576.61,1316.61,2,2
40,20018.42,6685.29,15,5
30,8301.23,0.0,4,5
40,6743.54,827.87,1,2
27,1818.2,1710.99,3,2
63,15201.07,6332.09,13,2
44,10553.87,3766.12,6,1
18,5425.35,1538.32,2,7
25,2401.38,1659.14,2,1
30,6623.5,1314.84,2,7
43,5576.94,2253.14,4,5
27,2704.95,383.97,1,4
30,5398.41,313.43,2,5
34,3788.01,2008.41,4,5
45,19341.66,7357.81,13,2
46,16917.79,6446.25,15,2
22,2320.16,709.8,4,0
45,6104.15,1305.08,7,5
33,6116.91,2218.34,9,3
28,2671.01,421.55,3,3
50,16783.11,6474.26,13,4
43,8901.85,3068.11,11,5
58,20173.41,6554.58,13,3
31,705.7,1463.51,7,1
43,9171.52,2246.63,4,4
48,4918.35,1719.14,2,6
43,1059.61,484.66,0,1
18,711.9,0.0,1,0
56,19071.38,7866.78,12,3
37,4535.0,2595.64,2,6
57,18388.45,7630.27,16,1
20,3188.09,2125.38,3,2
41,17903.54,6467.67,12,2
32,500.0,1523.89,0,2
47,7414.88,3734.47,9,2
36,3444.02,632.22,5,0
35,7480.94,3004.84,4,2
28,8986.39,3565.4,5,4
37,10594.36,4376.63,7,1
24,4433.13,1511.78,3,5
40,6458.04,2976.5,5,3
28,500.0,677.23,2,2
42,4837.06,4212.26,11,4
40,7859.94,3194.38,7,0
32,1223.76,328.44,3,4
54,16251.32,7113.24,14,1
43,5559.68,0.0,5,8
28,5871.45,1377.77,4,4
35,5233.21,2881.37,5,4
55,10449.71,4967.66,8,4
43,10856.18,3832.53,4,0
47,7136.59,4464.91,12,2
47,4087.37,1093.91,2,0
25,500.0,1067.39,1,2
29,3769.11,2470.14,1,1
39,7254.79,4059.4,6,1
26,2858.25,908.19,0,0
60,19367.54,4736.83,13,1
45,17366.93,6234.54,14,4
36,5353.72,3817.45,8,2
50,15473.58,7463.32,12,1
30,5308.54,2689.9,4,2
41,4263.71,1403.45,4,7
27,5544.69,2915.57,3,4
50,17048.66,6032.19,19,2
43,7779.25,3047.21,6,2
33,500.0,1073.02,3,0
61,14027.56,7031.54,17,4
34,1671.6,2319.68,0,2
29,4842.94,1771.21,3,5
43,17768.61,7849.91,16,5
42,11325.77,2228.87,2,4
39,6903.21,3231.39,8,3
27,4796.77,0.0,1,0
40,9485.41,3722.51,7,5
35,4149.05,1241.53,2,1
28,8094.1,3354.89,6,2
22,1165.07,0.0,0,2
33,2156.26,1513.78,6,5
62,14342.83,7685.75,11,3
42,10259.08,3583.53,6,0
26,3068.1,833.5,1,0
31,4109.23,228.45,1,2
33,1745.83,0.0,3,1
50,14338.1,7759.83,12,0
41,7243.39,2959.44,8,1
64,18384.38,7160.09,12,4
39,4791.91,3069.27,7,4
36,6308.65,316.27,3,3
22,1358.0,401.01,5,1
29,4738.0,1183.19,1,1
31,1446.45,0.0,2,0
52,9938.37,2376.78,7,2
58,20582.77,6487.33,14,2
27,943.98,588.48,0,0
58,15020.69,7001.6,16,6
53,16104.27,6719.97,12,1
27,1180.53,0.0,2,1
54,17414.4,5334.87,15,4
18,4500.71,1117.58,3,2
52,18214.43,9152.28,17,4
18,500.0,0.0,6,1
43,17069.12,7676.53,14,2
33,6907.81,1449.24,4,6
41,8361.09,501.41,8,0
32,4168.69,364.96,4,6
44,15068.34,7593.63,11,2
50,17213.02,6553.51,13,3
33,6539.72,2317.74,4,4
64,13749.04,7520.89,15,3
51,8750.86,4736.89,7,3
36,10436.74,4698.41,3,3
26,4935.05,702.81,4,5
23,1024.75,0.0,0,0
42,7200.07,2479.41,4,7
44,9260.09,4053.45,9,3
41,6202.64,1201.75,2,1
47,6556.86,3967.11,4,2
29,1677.98,75.31,0,0
39,8491.13,4229.15,8,3
53,16397.23,7817.66,16,5
49,15014.62,7014.21,16,1
36,17718.4,7411.13,14,4
37,1781.91,1760.8,0,1
26,500.0,807.55,2,1
49,10226.68,3119.45,11,2
32,9465.17,4049.89,7,4
18,5146.36,2073.88,3,1
49,5194.59,1446.81,5,5
48,10447.29,5385.76,10,2
61,15733.84,8368.07,14,2
62,16283.19,6138.98,15,2
52,18207.58,8927.24,14,4
40,3632.1,1075.53,5,0
40,9097.96,3562.82,7,2
40,6150.35,3256.66,6,3
30,6588.67,751.87,3,4
42,2218.3,1370.08,3,7
27,2489.63,1574.23,3,2
29,6853.31,3006.6,8,4
26,2634.69,1197.89,4,1
43,6466.89,3688.89,10,3
18,500.0,616.6,0,2
41,9767.68,3403.67,8,2
44,5336.58,1861.3,2,6
29,9404.46,4368.14,7,3
51,18172.66,7164.73,12,2
32,5035.81,1038.84,4,4
53,15905.76,7518.51,14,3
27,7209.92,4.41,7,6
45,2065.41,289.69,0,0
23,2508.0,1120.3,1,1
27,2263.35,920.51,1,1
28,3488.51,2185.61,3,0
45,15551.39,7038.5,13,4
23,6259.57,2201.28,1,4
22,500.0,1011.26,1,0
28,3774.56,2150.92,3,0
47,16824.66,7710.32,17,1
38,9498.8,3955.84,8,3
18,2385.91,1186.97,0,1
18,7305.31,1420.32,4,3
36,8822.88,2374.15,9,4
55,16513.77,6283.39,10,2
47,15236.81,7474.96,15,1
34,9411.9,3788.52,8,3
32,500.0,1455.73,2,0
29,3867.26,3579.32,3,6
30,4132.31,424.55,0,1
53,6817.02,809.02,5,7
45,20105.37,6716.06,16,4
25,500.0,0.0,3,1
30,6255.14,2327.9,7,2
36,4896.01,811.2,2,5
40,17527.26,6249.54,12,5
47,17486.27,7807.13,13,4
43,18359.19,7603.81,16,4
29,7825.37,3698.12,10,2
43,16293.28,8424.82,14,1
30,1762.17,0.0,3,1
24,500.0,1008.56,0,0
40,7635.39,4593.54,10,2
59,19180.75,8500.62,12,5
42,4958.77,100.0,6,4
42,6255.29,1390.64,2,3
48,16036.1,7396.9,14,6
36,9190.25,2213.75,10,2
18,2738.25,343.94,4,0
52,19888.96,7852.13,16,4
52,16116.67,6758.87,14,3
39,5831.35,326.3,3,5
31,7674.02,3443.69,11,2
18,500.0,410.83,0,0
57,18206.93,7203.13,11,4
46,9774.57,2950.87,11,1
21,5168.25,1184.82,4,6
53,16624.84,7515.22,14,3
30,5521.32,4197.75,9,4
54,18017.87,6136.05,13,2
24,6246.34,1876.99,3,7
24,4271.93,202.25,2,2
39,8945.69,4746.14,6,3
33,16233.72,6964.12,18,6
18,500.0,0.0,3,1
31,5834.54,1917.43,1,1
18,5254.7,0.0,2,4
60,8475.71,4568.4,10,2
38,11112.69,4556.68,6,3
47,16372.77,6329.82,11,4
20,3430.3,0.0,2,4
58,19152.05,9017.61,12,5
41,18130.51,7565.99,16,2
46,9097.58,1297.77,8,2
43,17073.2,5203.85,15,2
70,17435.03,7105.03,13,3
44,7440.62,4305.28,10,4
39,6957.54,3752.49,9,2
52,3904.15,1827.07,1,4
53,14571.35,7350.92,17,2
55,4628.61,4898.19,7,2
36,2705.09,1439.09,5,5
54,14756.96,5730.14,15,3
42,17534.65,7391.1,13,1
36,5973.41,691.84,3,7
42,7135.36,2105.5,7,7
29,4690.12,2326.38,0,3
29,1756.77,1187.59,2,0
37,7218.28,901.57,4,7
52,15726.93,7966.96,14,5
60,16959.0,6011.97,15,4
19,6264.41,1134.02,1,1
60,16495.19,7141.46,14,4
64,15912.58,6979.45,14,3
21,3402.57,281.84,5,2
28,4543.18,775.74,5,4
31,500.0,1384.68,1,0
33,3037.15,1167.04,7,3
27,6635.08,1278.21,7,5
28,2438.5,1685.46,2,1
66,15298.79,5968.08,14,4
23,2870.56,426.53,2,1
35,500.0,0.0,2,2
24,500.0,1406.84,4,0
26,3095.22,1629.14,2,0
21,5425.18,718.51,6,2
51,11377.49,2410.72,9,3
19,2716.88,600.33,1,4
47,15364.45,7113.95,14,4
30,8805.46,3753.27,7,2
19,1829.97,0.0,1,4
26,18259.49,7119.79,15,4
62,16622.71,6644.16,14,4
29,1894.88,1222.91,4,2
32,6935.34,2629.88,10,3
39,8665.08,3534.69,7,2
32,1971.45,1148.47,0,3
35,7358.34,1146.45,3,5
32,4737.83,0.0,4,7
44,2091.07,2283.18,4,5
40,10784.55,3078.01,8,0
44,15352.02,6962.2,14,3
23,1967.41,497.51,0,1
54,17604.64,8287.02,14,3
39,14941.03,8436.8,15,3
35,14505.1,7841.77,13,2
52,17151.97,7303.39,15,0
44,7767.84,3972.73,7,2
42,940.82,1192.58,1,0
24,500.0,1151.88,4,2
18,1288.39,762.97,2,0
58,14138.82,7445.39,13,6
42,15290.51,6969.5,14,1
30,2325.2,1974.09,4,1
45,15860.88,7554.57,14,3
58,16517.38,6858.47,12,4
27,17256.14,6770.7,14,5
57,17759.14,7440.04,12,2
42,2176.18,741.6,3,1
54,16518.82,7107.15,15,2
51,16247.9,7495.52,15,3
47,8030.28,5651.35,9,0
29,1284.96,253.05,3,0
35,3936.66,1899.4,6,4
33,1976.27,0.0,7,0
41,7829.7,1707.63,10,4
33,4884.29,2417.78,6,5
47,17962.13,6862.92,16,4
46,8286.66,5456.46,8,3
37,5370.62,2938.08,6,6
51,18126.5,7307.91,17,6
25,500.0,2028.81,1,3
33,4062.46,673.51,5,6
18,500.0,1707.42,1,2
45,4420.23,1077.74,0,4
32,1287.54,0.0,1,0
27,3204.38,308.68,2,0
31,6187.9,0.0,0,1
22,4719.39,955.69,4,0
38,15429.71,7554.28,14,3
23,2533.98,162.83,5,0
44,9343.24,2821.31,6,4
41,5899.34,1688.22,4,3
36,13910.17,9302.77,15,5
22,3861.96,923.06,0,5
29,648.31,984.41,6,2
37,7901.95,3890.98,3,5
31,1803.67,0.0,2,2
18,4890.42,407.43,0,1
28,1423.46,0.0,3,0
37,8909.53,3776.02,8,2
18,8221.61,2799.79,6,1
45,6590.08,2827.89,10,3
48,17144.56,7912.91,16,4
45,5318.77,814.83,5,4
28,3038.52,2342.16,2,5
24,4778.95,414.94,5,1
46,17243.51,7235.0,12,2
33,709.24,1479.4,6,3
26,7692.64,3902.59,6,3
24,8106.79,5063.37,6,3
36,7408.94,4295.56,7,1
43,9426.5,3643.64,10,1
50,4039.81,1603.58,3,4
18,3290.43,604.75,0,1
36,2962.24,186.59,5,0
55,16409.77,6340.96,14,5
40,5690.67,2811.85,6,6
18,3198.42,858.48,0,3
38,6952.5,3532.72,3,2
31,1615.81,642.56,2,2
67,15959.78,7621.68,14,4
34,7986.6,3263.15,8,0
35,4321.11,454.0,4,7
49,15927.36,6991.77,14,2
29,5053.28,1928.44,7,5
45,18282.13,6071.12,9,3
27,500.0,1728.05,2,3
47,10954.24,4565.49,8,3
32,6635.74,1183.0,9,7
38,9953.21,5627.21,7,1
46,5643.1,2190.81,1,5
62,17852.28,7810.87,11,2
55,15725.14,6996.71,13,3
48,17531.4,6651.38,14,2
22,4052.45,881.2,4,2
40,10955.13,3679.23,8,2
42,8200.15,4416.46,9,5
45,1377.23,2267.7,5,0
34,8940.31,2910.46,7,3
48,16266.36,4923.08,14,3
50,17273.14,8379.95,15,2
39,7057.08,3040.08,7,2
30,3835.5,2496.11,5,4
18,2304.46,0.0,0,0
37,9987.24,2645.45,7,3
22,3926.94,2497.75,3,1
22,500.0,2486.12,1,2
50,8956.72,2645.64,7,3
50,19267.5,6977.34,16,3
18,2898.43,0.0,3,0
50,16328.66,6693.16,13,4
40,4230.42,3020.67,6,6
26,5722.97,1217.59,4,7
39,4265.2,966.71,1,2
39,7329.41,1141.78,6,4
24,2557.82,1067.49,5,0
39,7013.46,1746.84,5,8
18,3296.38,1759.33,2,1
28,2389.85,0.0,1,2
41,7756.05,4745.95,10,4
50,10024.74,2749.94,9,2
38,7437.68,5104.34,8,2
35,7239.28,3843.08,7,1
58,18908.17,7849.05,11,5
18,2281.9,581.85,2,0
49,7127.34,3515.08,10,4
21,7455.55,129.29,3,3
47,8592.54,4470.84,8,3
36,10237.57,1990.58,7,4
21,5592.59,4768.64,12,5
38,9318.59,3171.26,6,0
33,2035.35,1008.87,0,1
30,2830.82,1729.33,3,1
66,16067.53,7224.85,13,4
61,14540.64,5560.21,17,2
44,17526.51,7439.71,11,2
34,9567.85,2849.79,8,2
40,4391.46,750.42,3,7
38,18414.39,5574.77,11,4
49,14225.92,6514.27,15,5
33,3697.85,1245.51,4,4
46,19472.05,8111.28,12,2
49,5864.64,3626.09,13,1
43,11474.96,3094.52,8,3
21,8630.06,3834.36,7,3
35,2699.22,643.46,5,5
22,3315.23,604.9,0,1
31,4726.05,2359.43,0,6
54,16624.25,6842.41,15,4
35,1263.93,1220.98,6,0
46,9197.62,3697.48,7,5
32,5415.87,618.81,4,9
55,14053.3,6092.99,13,4
27,6065.32,1046.88,1,4
18,3835.44,276.1,2,0
23,629.47,630.32,3,1
24,1210.79,1981.28,4,0
38,7800.46,2357.4,10,0
39,2764.2,1752.18,3,2
58,18348.87,7339.44,17,2
31,1656.85,1217.34,3,1
38,5704.49,2296.0,6,7
63,17937.07,7038.32,14,2
30,7927.57,876.83,2,6
55,18971.16,8316.5,15,2
52,19422.73,7944.68,15,3
34,3627.42,2790.22,2,7
41,8395.69,4729.5,4,2
23,500.0,89.45,2,2
30,6367.9,717.79,4,4
30,8273.43,3500.43,9,3
30,3284.96,2141.37,4,1
23,4711.88,1457.84,4,5
20,1840.77,1196.11,1,1
41,8195.43,1452.76,5,1
26,3834.82,1182.96,2,0
18,2763.13,0.0,0,0
36,7953.78,2490.27,5,5
66,15133.51,6155.6,12,2
22,1892.78,1451.04,0,1
21,4195.89,1052.1,4,0
29,500.0,2362.71,4,2
34,1815.92,1815.45,4,1
36,8167.53,2957.98,8,1
38,7029.38,276.44,2,4
37,6725.51,4518.26,7,3
21,2726.16,1127.1,3,0
23,2111.53,296.81,3,0
41,6859.88,1242.31,6,5
37,1937.76,2291.19,4,6
41,11293.97,2683.63,5,1
42,7497.05,3984.28,6,2
56,17699.5,7541.33,15,3
46,20523.19,6537.29,16,1
46,14069.39,8056.88,14,4
27,4368.18,0.0,1,1
25,500.0,1063.59,0,1
41,7911.27,647.49,8,4
47,18552.21,7360.94,12,3
47,16363.69,6484.38,12,4
50,17760.04,7652.45,13,3
58,20178.77,7041.46,13,2
44,4902.62,1074.48,3,5
41,6975.58,3494.57,8,4
40,500.0,29.28,2,0
34,7993.72,650.7,3,5
26,4370.3,1712.06,3,6
33,4104.04,777.57,1,3
54,15123.87,6571.27,16,4
18,5427.12,266.32,5,0
34,9301.32,2301.04,3,3
32,6628.51,1480.1,2,7
36,3674.21,1169.1,1,0
38,3900.05,1393.81,5,5
49,17246.23,7373.27,14,1
36,8910.75,2903.57,7,3
33,4759.87,1836.0,3,6
39,15971.95,6563.54,15,3
23,1775.05,1120.28,3,4
33,3252.47,1436.01,2,4
41,4153.91,3125.42,4,4
27,5428.8,1468.66,3,3
18,1106.51,1122.39,0,3
39,9416.97,3273.44,7,2
40,6319.28,2175.57,4,5
65,16282.23,8087.15,12,4
51,13512.17,8718.32,14,3
46,8282.9,3359.4,7,4
31,3270.95,2891.91,5,0
23,1535.01,672.65,1,1
41,5140.65,2006.67,6,7
20,2223.68,283.17,1,0
34,5406.24,1708.61,5,6
45,11746.39,3163.92,8,0
37,6442.63,2575.08,11,3
61,6838.89,3587.08,8,3
35,16464.67,5998.92,13,4
34,4637.19,2707.68,2,5
53,16703.74,7764.06,16,3
22,4495.23,3281.47,5,3
38,4770.84,912.13,9,6
43,7604.44,4927.83,12,2
27,3442.34,2358.82,2,1
19,500.0,2332.61,1,0
23,1725.55,0.0,2,1
30,500.0,571.71,7,2
50,18703.19,8619.62,16,2
30,4127.76,1130.28,7,5
51,19203.37,7289.26,15,3
25,1850.81,0.0,1,2
44,16931.88,6235.76,17,3
53,15847.55,6849.73,18,3
32,8468.95,2356.97,5,5
51,7638.19,3696.91,8,2
38,1372.49,791.82,2,1
39,7156.79,4656.46,9,3
32,2039.4,2089.86,1,1
38,6611.94,1782.26,7,3
31,11547.78,4011.34,9,5
18,3709.1,757.71,2,2
49,17536.25,8326.79,11,2
40,18197.91,6369.41,13,4
28,1732.86,822.68,0,1
59,17344.43,6199.48,17,4
33,1763.1,1412.44,1,1
55,18953.07,7842.34,13,2
63,13535.42,8958.47,14,3
23,14483.8,6734.01,16,4
24,8006.29,3323.3,9,3
57,2647.09,1590.34,4,4
38,4050.23,2818.65,0,0
29,1796.37,1354.35,0,5
39,3615.41,2329.03,3,6
25,1103.9,1177.27,2,1
52,16588.75,7354.16,13,4
18,2125.3,1408.64,0,0
44,19546.03,7099.49,15,0
18,505.57,823.11,1,0
34,2357.26,539.69,1,1
58,16246.23,8612.09,11,3
34,1916.91,0.0,1,0
39,5760.95,3273.51,7,3
26,500.0,2428.18,0,0
37,8736.95,2906.47,6,1
26,1222.47,2548.1,3,1
60,18750.03,7635.35,11,3
18,3075.89,3062.72,2,4
41,10088.74,3354.75,7,5
42,5248.44,2552.49,4,4
33,9303.08,3244.47,4,4
38,9789.62,3444.85,10,3
27,3366.04,436.49,1,2
50,7701.6,3436.56,4,2
46,16603.31,7062.8,11,2
18,1174.51,900.3,2,2
52,17037.34,7441.65,19,4
18,951.09,2304.93,0,1
54,15608.49,7022.6,11,1
30,500.0,865.73,1,1
30,8621.39,4101.81,9,1
32,851.34,688.38,1,2
19,2173.54,54.4,3,2
31,4375.59,2193.26,7,3
53,11818.74,5098.48,8,4
33,6870.41,5083.74,7,0
22,5301.61,667.17,1,1
28,1773.3,1944.79,4,1
27,500.0,465.34,5,2
48,17294.73,7026.84,19,3
38,2688.27,477.38,2,1
41,7115.45,2789.43,8,1
24,1956.16,1638.48,1,1
48,10472.82,2643.63,7,2
58,14951.46,7225.83,15,1
52,16573.45,7026.38,15,2
58,14949.45,6495.24,14,4
52,17325.59,6705.31,15,3
18,798.48,1443.26,0,1
41,9887.68,1131.36,1,5
44,11541.8,3394.81,6,2
18,2897.6,1965.55,5,0
20,1730.52,1527.12,1,2
44,10480.37,3100.74,8,4
34,16250.66,8263.64,13,0
36,2400.82,706.93,2,2
74,17092.14,7987.27,14,5
24,4003.31,1228.19,1,3
19,6010.56,1037.12,5,8
29,3712.7,1814.3,2,0
39,500.0,501.84,4,3
27,2027.27,2174.52,5,2
42,3441.49,1812.68,3,4
33,8977.7,3851.45,6,3
20,4054.05,2224.16,3,1
55,16948.32,7596.19,15,3
52,9629.6,2884.9,6,2
25,1133.26,162.0,1,3
18,1328.69,1016.65,3,2
56,15631.52,8437.97,17,2
61,15895.56,6872.34,12,2
32,2454.97,1410.56,1,7
38,7275.96,0.0,6,4
23,500.0,1686.07,2,0
26,613.22,2600.95,3,0
45,4357.01,883.07,6,7
48,8776.24,4308.29,9,2
29,5628.63,4345.82,8,2
38,5405.28,3427.31,7,1
33,1872.45,3102.95,1,7
39,6856.72,3282.88,9,5
49,14863.24,7962.77,12,4
35,5287.9,1667.22,3,4
28,1038.44,0.0,0,0
32,3359.24,0.0,4,2
36,3126.67,1157.51,3,7
59,17124.91,7037.65,13,2
54,8379.07,3511.23,8,4
25,9586.69,3903.72,7,2
28,1752.77,0.0,1,0
18,2640.04,154.22,0,2
51,17024.88,6791.04,16,4
31,10534.5,5040.34,9,4
54,5017.22,325.12,5,3
52,17656.65,7381.26,16,4
30,9251.79,974.02,3,4
21,5371.68,2525.44,3,1
31,549.74,1074.16,2,0
38,8674.96,1362.42,2,5
28,4581.27,749.6,4,4
51,6426.75,3406.78,9,3
23,17224.06,7893.89,15,0
25,500.0,1977.57,0,1
23,2535.84,1495.75,1,0
26,9386.85,4295.12,8,2
27,8646.42,3084.27,5,2
39,2330.65,1812.66,0,1
29,1326.31,1541.44,5,1
49,18137.86,6760.9,13,3
43,4889.82,976.93,6,5
52,5738.97,1340.86,5,6
69,18604.42,6044.15,16,4
22,2779.78,927.76,2,3
39,17711.81,6181.27,15,2
24,7320.51,1215.46,5,0
67,18779.77,6866.3,15,4
33,7537.77,2291.55,3,2
57,18820.2,5461.03,13,4
54,15502.48,7499.2,15,2
29,1137.73,0.0,3,1
19,4212.44,153.47,3,1
20,4921.11,642.44,2,4
45,18289.78,6230.6,16,1
50,8912.82,3290.13,7,0
30,6874.87,3874.9,9,2
46,3630.53,1611.3,3,0
30,3087.06,2212.57,4,6
33,500.0,1381.03,0,2
57,14568.18,6909.65,17,2
44,7832.83,5198.9,9,1
23,1835.66,504.45,5,2
59,17095.04,6411.39,13,3
34,11616.88,3777.06,6,2
22,4658.77,2206.86,2,2
27,1783.02,1555.17,1,1
24,2957.78,962.52,7,0
25,629.62,766.22,0,1
24,3274.08,767.94,0,1
34,4671.42,743.55,5,2
46,8872.28,3000.85,5,3
49,4847.54,384.53,6,5
31,8953.85,2606.05,5,3
33,3752.58,0.0,3,2
24,912.58,974.78,3,2
24,1926.74,0.0,0,1
23,5352.15,1808.28,1,0
45,14705.89,7211.61,17,3
57,17152.04,6390.77,13,5
18,2534.82,0.0,0,0
37,3043.93,970.21,6,5
47,17347.42,6317.25,11,5
55,17259.07,6827.29,14,4
42,895.43,721.08,3,0
39,2022.39,0.0,4,1
57,7174.45,4503.61,5,0
32,12196.77,4644.04,7,2
28,1561.1,0.0,0,0
28,7374.85,3855.46,9,1
35,5721.62,1069.46,0,1
34,7873.89,4575.12,9,2
49,9096.63,2924.59,5,4
33,4372.9,2715.65,0,0
30,6341.81,1896.54,1,5
43,4235.93,0.0,3,4
18,3424.18,1396.21,0,0
29,3275.38,0.0,2,2
33,4461.31,353.88,5,1
20,3579.07,2224.93,3,4
36,1240.91,1289.76,1,3
28,6162.06,706.17,4,3
42,14686.64,6296.43,14,3
42,11068.34,4257.98,7,2
29,3603.95,814.66,8,5
21,1301.62,1311.25,6,1
58,17422.23,6884.61,14,3
30,5425.5,2372.77,2,7
25,2954.82,0.0,4,3
32,1368.7,1563.6,0,2
37,3096.93,2316.51,8,0
36,4446.84,1231.14,1,5
42,1988.82,0.0,2,6
18,1365.63,1154.79,0,0
36,2061.46,0.0,6,1
31,9014.28,3788.98,5,1
46,8076.4,4740.91,8,2
34,8976.22,1236.92,3,5
24,2042.27,1625.37,5,1
54,21484.75,6521.41,14,4
35,3214.47,1756.13,5,5
25,500.0,1614.69,1,2
18,1233.23,1167.05,1,1
25,3883.58,0.0,4,1
47,2932.03,2041.17,2,4
45,16643.66,8694.6,16,4
43,16316.58,7995.77,16,2
32,4300.77,2383.03,3,2
38,6842.65,797.71,0,4
40,3812.29,905.35,4,4
22,10396.51,4432.39,5,0
58,20521.32,6887.67,15,2
20,1033.32,0.0,4,2
44,10126.19,3456.02,10,3
39,8044.16,2303.48,10,4
36,4694.22,1234.17,3,6
38,8739.92,3181.1,9,4
54,16769.9,7212.14,14,3
42,16293.84,8310.27,12,4
38,9263.82,4250.85,5,4
33,10865.44,3643.32,10,2
59,19092.79,7297.18,13,3
49,8091.39,3179.38,9,4
27,3186.59,1279.27,3,0
48,5650.05,4208.16,7,3
46,17458.94,5968.99,16,6
39,16912.44,7007.2,15,5
21,5735.7,3722.83,8,1
22,3046.51,0.0,0,0
47,8074.28,5190.5,8,3
21,1080.01,1828.88,0,1
34,2033.88,614.77,6,1
34,6725.06,1307.66,5,4
29,2616.26,1738.38,0,3
41,11619.65,3178.54,10,2
29,6745.99,1230.05,7,4
51,17795.0,6125.08,11,5
25,617.03,0.0,4,3
54,9234.83,2906.93,8,2
42,5110.01,662.41,4,4
44,6634.53,2978.83,5,3
58,18741.53,6918.97,13,2
56,16983.32,7415.17,12,5
48,16150.23,7820.98,13,2
49,10194.62,4401.89,6,1
55,15689.08,8376.77,12,4
22,500.0,0.0,0,2
23,1581.45,266.48,2,1
55,20376.98,7302.46,15,4
46,8539.97,3502.46,8,2
23,6508.55,1226.5,5,0
46,6996.68,3018.76,9,4
42,18010.89,6944.18,16,3
52,15882.31,6483.58,15,1
25,4784.42,2217.77,1,0
25,10157.57,4120.33,10,3
39,11899.49,4467.86,7,2
24,9125.72,2313.83,9,3
26,3694.46,1810.89,6,4
45,15017.99,7304.37,11,2
59,16198.91,7759.3,18,3
38,18649.27,7058.58,14,5
18,2798.51,823.01,1,2
19,4175.07,633.94,3,4
24,1643.14,2193.11,0,1
21,2889.3,0.0,1,1
50,19727.89,7451.17,15,2
39,17175.36,7825.03,17,2
30,11995.46,3348.33,6,3
34,16763.45,8118.42,14,3
22,3200.22,1823.84,2,1
53,10876.5,4587.73,8,3
41,6853.17,2875.0,7,3
41,1397.92,1683.68,2,2
32,3409.86,233.1,0,1
40,8325.36,2080.93,7,2
29,1801.7,1431.87,0,0
37,1645.24,596.23,6,0
56,14529.61,7435.37,14,5
50,996.83,953.85,0,2
47,10499.94,3524.69,4,3
36,8144.2,4422.42,6,2
22,7221.85,3422.96,9,3
18,620.38,1726.22,2,1
31,2386.65,501.28,5,2
28,7029.72,3799.01,8,3
32,6903.14,3413.53,7,0
35,9190.3,3917.51,9,4
49,15934.17,8473.62,17,3
22,807.15,1398.41,0,4
31,8142.82,4837.79,7,2
52,13232.86,7368.08,14,4
62,15947.89,6624.79,12,3
33,6320.65,1157.83,8,6
34,5591.71,3004.13,9,2
27,1229.48,1228.42,2,1
63,16840.22,8438.84,13,3
28,1492.0,968.46,1,2
23,1575.16,1616.76,0,5
31,2651.94,2626.41,1,1
35,4235.01,1352.12,2,7
47,9237.69,4596.3,6,4
30,8970.88,4443.13,7,4
58,18768.37,8498.08,11,2
50,17345.0,9029.57,14,3
41,8951.03,3775.06,12,2
34,3013.49,2611.75,6,5
31,1416.68,304.39,4,2
20,2099.04,1259.04,0,0
36,7801.57,3332.87,7,3
18,500.0,273.29,1,0
32,7771.44,3577.38,7,2
60,16255.91,7256.38,12,3
57,13232.42,6690.64,16,4
31,2600.02,838.72,3,2
33,4147.05,1221.53,4,6
48,8884.79,3997.62,9,4
41,9566.71,3111.29,4,3
51,14337.15,7294.23,11,3
22,1410.56,1475.96,2,4
27,6142.11,2246.7,5,5
19,3689.54,1350.79,4,0
56,19163.68,7367.7,15,2
49,16215.77,8742.72,12,3
46,18359.63,8856.15,15,3
36,17082.79,9072.35,13,3
37,2461.44,687.61,0,3
34,7448.28,3895.82,10,2
41,10243.27,4959.41,12,2
20,3124.32,0.0,0,4
30,4255.99,2405.83,4,6
39,16786.9,6066.06,12,4
31,1910.57,1211.05,5,2
44,5762.31,0.0,3,8
40,15974.56,6301.06,12,6
60,14581.93,7043.71,16,3
53,8867.84,3353.64,9,1
30,8357.15,3482.47,9,1
24,1719.32,0.0,2,0
38,787.4,887.63,3,1
29,5388.35,473.14,3,6
23,3496.88,1374.96,4,4
49,17195.0,6348.64,14,4
31,9330.19,3641.93,13,2
51,16642.59,8304.28,12,3
21,3844.39,0.0,5,1
30,2796.26,32.8,5,1
45,18289.44,6342.5,12,4
52,10230.98,4067.77,7,2
18,2662.34,1654.1,3,0
20,900.39,2564.1,1,1
48,18553.78,6752.66,13,2
31,8530.49,5179.8,6,3
30,950.61,0.0,0,1
31,7667.52,2743.95,11,1
20,3817.0,1781.07,0,3
34,8645.42,2739.64,7,3
36,4896.28,3156.11,1,4
56,16473.84,6524.07,16,3
38,10785.3,3752.93,5,3
25,5461.53,242.26,3,3
58,14884.11,5065.91,15,5
44,10211.83,3743.18,6,4
43,7959.63,6059.83,7,3
66,15798.99,6882.74,12,6
23,4558.32,0.0,2,1
41,15272.45,8300.53,13,3
47,8431.56,4486.81,8,2
31,2988.65,2399.67,4,7
26,1451.45,1278.02,2,4
45,4040.77,610.62,1,6
24,1629.37,1671.04,0,3
43,8096.2,3199.47,8,3
43,500.0,1206.02,3,0
27,2791.13,133.18,1,3
23,1361.89,1708.17,2,1
22,500.0,737.88,3,0
26,5109.79,1730.37,2,7
47,3132.57,0.0,5,8
33,9515.09,4400.62,8,3
52,17926.84,6605.27,11,3
18,3591.61,1314.13,4,4
31,3830.41,178.98,5,1
35,9361.34,1254.91,4,6
30,4107.4,243.56,2,1
42,500.0,1122.46,3,0
32,5012.5,1586.74,2,4
33,3522.99,2404.32,2,5
32,5840.45,2199.15,2,7
37,8047.11,3176.74,7,4
54,17993.28,8319.56,14,4
33,918.65,754.18,1,0
18,500.0,291.89,1,1
45,8566.46,2977.65,6,2
59,17551.87,5528.96,13,4
44,7019.09,4614.22,9,4
18,4302.3,2725.52,6,4
49,8326.54,4048.19,6,1
47,14327.38,3627.61,6,3
36,4048.49,1881.1,2,3
28,4146.54,584.68,3,6
18,805.55,632.72,3,2
26,1859.52,837.65,1,2
31,2194.78,1149.53,1,0
42,4653.79,1806.23,1,7
44,6395.99,4306.46,6,0
31,8947.31,4766.85,8,2
57,14144.33,7764.5,13,2
47,18200.09,8374.6,18,4
46,9537.61,3214.35,8,4
24,6689.73,1818.02,3,1
33,2561.79,228.94,4,1
22,2230.79,678.02,0,1
41,7381.54,1548.42,7,1
41,9988.87,3517.94,5,2
20,3979.71,0.0,3,6
63,20555.34,8479.64,15,0
35,8805.88,4728.52,6,0
37,6157.57,1544.94,6,4
48,8916.5,2917.79,8,3
56,9457.82,3966.6,5,3
44,20872.52,6720.93,16,2
18,2485.34,368.47,0,1
26,4881.06,514.47,0,6
46,16545.2,6667.84,16,4
30,4208.92,0.0,0,0
39,8683.7,3802.36,3,4
32,6787.32,4967.04,8,3
18,2044.51,1569.51,2,2
18,5305.77,3072.88,6,7
35,8954.16,3194.45,8,2
27,500.0,1527.94,0,1
39,10277.45,3759.1,10,4
18,2164.93,2068.35,1,0
34,7899.83,3366.68,6,1
37,2384.72,2261.61,0,3
36,5147.59,0.0,3,5
38,11579.02,3857.33,9,2
24,4159.11,799.12,4,4
29,9061.6,3176.03,7,1
35,500.0,865.37,3,0
26,4361.13,1282.27,0,1
44,5515.84,807.53,3,6
31,9492.31,4671.9,7,3
18,652.0,949.37,1,0
45,9913.61,5584.39,7,3
53,18456.03,5452.88,16,4
54,17739.79,9104.68,9,4
23,6789.47,2424.62,2,5
38,3874.57,925.7,2,6
58,16543.76,8489.64,14,5
37,3143.88,674.85,3,5
32,7022.74,0.0,4,5
37,13528.93,7110.96,14,4
20,3975.78,1803.36,5,0
27,3021.36,0.0,3,1
32,868.89,2107.12,0,2
26,5078.92,1173.56,3,0
39,8934.55,4413.88,9,4
66,19451.36,7439.62,13,2
40,18027.83,8181.39,16,2
62,18326.45,7367.56,12,3
32,3640.63,1226.77,6,6
27,5607.78,1319.51,4,6
30,7473.7,564.21,3,6
19,3837.19,0.0,0,0
19,1747.3,842.56,2,0
21,6414.7,647.93,0,5
27,3132.43,1408.4,0,6
25,671.21,1759.16,3,0
23,2999.88,0.0,2,1
27,6432.42,1073.3,6,6
29,3176.19,460.57,3,5
32,6881.13,3739.59,9,2
33,16934.12,7450.34,12,2
18,500.0,670.8,0,0
38,5216.93,0.0,4,6
48,19149.96,7748.41,12,3
44,6589.79,3378.64,7,2
37,5273.48,2140.45,4,6
34,4142.73,3050.61,3,6
49,17834.6,9184.02,17,3
34,1934.67,849.7,3,1
33,500.0,0.0,3,1
36,500.0,2149.74,4,0
31,8642.71,2230.47,4,3
61,10731.07,5584.46,10,3
40,742.59,1044.37,3,0
27,3793.83,3646.77,8,1
45,18775.37,6907.84,17,3
25,2388.11,1812.98,1,0
58,15841.19,8652.15,13,2
22,5255.49,3804.45,3,4
47,7188.01,1537.59,5,1
59,18122.18,6387.33,18,3
64,15621.13,8082.99,9,3
33,8182.11,3176.3,7,2
57,5742.42,2604.55,8,2
28,12007.02,2502.4,9,2
18,2529.45,1080.07,3,1
40,11130.55,5079.8,6,0
39,1594.48,180.57,0,0
24,2304.81,117.64,0,3
35,10761.78,2093.24,7,2
27,3822.65,610.52,5,1
34,7039.97,4242.44,9,3
59,14375.45,8691.54,12,2
36,3501.37,0.0,5,4
27,500.0,952.45,4,3
47,14972.97,8211.79,13,4
37,3842.81,4287.85,5,3
50,20767.87,8401.29,11,4
28,1467.83,0.0,1,3
38,7918.51,3938.06,7,5
30,10282.25,3558.64,8,4
56,19588.28,6410.01,14,4
22,6681.45,1433.66,8,5
18,2371.21,995.54,1,0
29,3807.55,1905.89,3,7
41,18725.41,7067.81,14,2
39,10994.47,1275.56,4,5
44,11048.47,2896.03,7,1
54,15005.67,6787.53,16,0
42,16618.74,5327.51,16,2
59,13740.16,7579.26,16,2
28,2716.45,688.93,6,2
43,10082.55,2377.73,6,4
51,6290.88,3795.19,8,1
31,6466.96,3018.26,3,6
40,8753.7,1064.2,0,6
56,18420.73,7268.99,13,2
32,500.0,193.29,2,2
43,14107.35,7074.64,15,1
37,9256.99,3658.48,6,4
25,9525.83,753.19,1,5
18,500.0,401.67,2,2
45,11659.86,3603.07,3,4
37,1365.83,1252.13,2,3
29,7430.39,4015.37,7,1
43,8267.47,3067.36,5,3
44,17367.18,7656.85,12,1
20,1305.62,777.21,0,1
57,15462.68,6764.66,13,4
58,14811.11,6785.86,18,3
42,5112.18,4629.83,11,2
66,20096.36,7523.04,14,3
27,6561.74,650.22,5,4
58,17581.9,5775.96,11,3
18,500.0,0.0,0,1
54,19944.99,7245.4,12,2
49,8827.64,5215.73,9,3
39,2245.92,2129.34,6,7
46,6976.64,4469.6,6,1
25,500.0,976.43,4,0
53,13799.57,6684.03,13,5
57,15962.13,6829.88,11,2
60,17126.18,5061.31,13,7
55,15993.56,7656.7,19,2
36,8449.56,2185.04,5,7
31,1309.53,0.0,2,2
25,9011.74,3430.67,8,2
30,500.0,492.8,2,0
58,17777.01,7521.9,17,4
69,17038.85,7162.37,19,1
29,4036.9,0.0,3,0
44,7882.65,2151.21,8,3
55,18478.79,6463.13,14,6
40,4245.24,1037.24,2,3
18,2444.38,0.0,1,2
49,19537.81,5370.59,8,3
61,17396.12,6724.38,14,2
39,3511.06,1896.17,4,6
60,16237.56,7386.97,18,4
59,15591.85,7524.15,16,4
19,1885.64,699.83,3,6
32,1338.73,0.0,0,0
20,5347.22,2666.67,0,3
48,2687.92,1375.52,3,8
20,4203.29,2102.69,3,0
52,17922.69,7252.09,15,5
46,8999.55,3343.61,12,2
35,4879.04,1642.99,2,6
62,17589.19,6843.04,14,2
48,20052.75,7109.97,16,4
37,3707.41,2956.35,0,2
22,8961.46,3570.91,6,4
59,19299.59,7402.91,13,2
42,20828.59,7154.64,17,4
25,5289.47,649.21,1,5
50,14255.02,6881.68,14,4
47,8839.41,2804.58,8,2
48,17254.41,6727.72,18,3
32,7475.85,4902.64,8,3
38,10625.13,2943.33,9,2
50,15109.2,7225.75,12,3
40,15082.96,6519.14,14,2
36,3083.44,1202.02,1,1
55,8067.57,3229.42,12,1
43,3696.02,0.48,4,4
62,19389.86,5680.39,18,3
40,1365.61,826.71,4,0
37,10276.68,2055.63,7,4
38,7643.28,1743.11,9,0
60,15484.92,8106.91,13,2
37,18574.92,6939.95,16,4
43,18370.25,7778.94,16,2
25,882.15,430.89,0,2
53,17360.73,7554.48,14,3
44,6384.2,4495.27,7,2
50,14928.13,5862.85,14,3
55,18033.2,7699.52,15,0
42,4446.51,4271.21,12,2
58,14984.21,6964.88,16,4
21,500.0,2299.49,1,0
24,2908.9,1376.86,4,0
33,500.0,1227.37,0,1
42,3882.16,1298.87,5,5
39,17417.43,7186.55,11,6
61,15974.29,8267.45,13,4
55,18327.47,6931.63,11,3
52,15071.98,7223.63,13,4
24,4646.41,1144.9,0,4
18,3209.78,2105.66,1,2
45,10479.3,4517.24,10,4
47,16532.13,6555.56,16,4
51,17435.65,6454.85,14,0
24,500.0,976.64,0,1
28,5139.35,2999.63,7,3
46,16926.04,6975.32,13,3
39,1478.63,1737.0,4,5
23,5047.68,1189.9,7,5
45,15752.73,8380.4,13,4
54,8893.36,3740.1,8,5
45,8057.15,5121.55,7,2
29,11041.9,3358.1,6,3
48,13846.93,7852.06,12,2
23,7483.39,2470.11,6,4
26,500.0,0.0,5,1
50,5312.67,4336.53,6,3
19,1902.76,1395.23,0,0
34,5412.89,111.29,4,3
39,18307.43,6681.93,17,3
34,500.0,1266.37,2,0
18,5966.04,561.06,3,4
26,8327.16,3790.99,7,1
58,19967.98,6922.4,15,4
41,7749.49,4008.37,7,4
53,5108.52,1866.34,4,6
29,7939.94,4245.17,4,3
33,4608.98,1633.2,2,0
57,15386.41,6962.28,15,3
18,4647.22,1797.62,1,4
37,7380.56,4415.94,11,2
48,16778.31,7134.14,13,4
47,10405.3,2685.51,5,2
24,1903.25,1021.51,2,1
40,5006.77,528.64,4,3
44,17810.85,7666.7,17,4
53,16733.33,5684.22,16,3
35,3148.67,1389.98,4,4
35,500.0,120.36,1,1
45,9718.93,4002.23,10,1
34,8641.32,5037.65,5,3
41,16525.47,6794.63,14,2
38,7657.0,1482.73,10,3
23,5496.5,1054.62,5,4
39,6351.86,1591.04,5,5
20,2392.52,173.02,4,0
28,4402.57,3106.72,7,4
48,9482.74,3531.45,8,2
28,2089.91,313.03,0,1
45,5552.47,2794.49,9,3
20,669.48,2918.52,5,0
53,17174.68,8006.26,15,3
40,4794.8,1877.6,3,5
33,8334.31,5043.2,7,0
28,10524.57,1402.52,6,4
29,3776.99,0.0,3,3
36,6394.06,1962.26,3,6
30,2637.97,2515.92,3,7
33,2816.7,1106.2,0,2
18,10377.28,2647.87,8,2
28,1875.37,1200.61,0,2
43,3673.35,1762.22,4,5
33,12455.79,3275.25,5,5
30,5101.81,0.0,0,3
46,6123.42,1984.69,0,7
46,16995.99,7370.0,15,2
24,6931.42,1346.6,4,5
26,4016.2,0.0,1,3
36,10135.35,3111.74,8,4
38,3821.43,2293.7,4,5
49,18500.98,8744.77,13,1
33,3408.66,618.6,8,5
44,15468.02,8702.78,15,4
27,1514.64,196.99,0,0
46,13596.65,7054.63,14,2
43,5930.4,2647.59,8,2
25,1500.64,1571.69,4,0
20,1614.56,1361.84,2,5
18,3047.76,1964.16,0,2
27,4997.81,1821.45,4,7
40,4625.57,1546.04,3,5
66,20283.51,6417.55,12,4
55,16544.92,7305.92,13,3
23,500.0,0.0,0,0
47,14545.3,6969.24,13,5
50,8357.31,3585.9,12,3
27,2831.75,422.0,1,1
30,3836.0,2197.62,3,2
29,18509.82,7419.69,12,4
18,1291.01,1728.01,5,0
31,5047.97,96.45,4,5
42,17182.91,6687.48,13,2
41,9546.34,2968.56,12,2
37,9196.44,3366.95,8,3
46,17490.09,7871.32,16,2
53,20268.38,7685.03,12,3
34,18754.61,5944.02,12,4
18,1896.34,0.0,2,2
38,7350.57,2189.29,7,6
36,8787.71,3309.42,10,2
61,15305.09,8191.75,18,5
35,5383.52,1421.12,4,6
31,1591.84,0.0,2,0
52,15790.21,7613.82,14,6
28,1549.86,1158.99,1,1
48,18349.74,7859.12,16,1
38,15846.51,5980.17,11,2
41,7625.53,5096.72,9,3
35,5511.45,0.0,2,3
26,3388.79,1606.48,2,0
22,500.0,2044.74,5,1
30,4084.18,1798.33,4,4
40,8167.58,1421.09,2,7
46,1197.95,2546.82,2,1
23,3775.12,1164.45,0,3
51,8662.08,3919.5,6,4
29,638.93,1045.31,5,4
20,647.35,0.0,4,2
29,3499.85,863.19,1,0
45,6938.65,3822.27,8,2
34,10748.08,4041.1,7,3
50,9991.04,4380.43,6,3
45,7282.6,2437.26,2,7
38,500.0,1989.34,3,0
33,8830.81,2571.95,7,1
36,18878.25,7106.67,9,5
30,7263.53,2756.15,6,5
49,6705.16,3098.24,8,0
18,4781.97,697.49,2,0
47,9658.83,4127.85,7,3
63,17274.33,6492.71,14,1
45,5395.48,3589.29,7,1
48,7618.42,3107.52,3,4
45,4052.23,4412.47,4,3
29,4528.31,603.0,3,4
50,18814.82,7556.54,12,4
60,18288.16,7340.6,16,5
30,5204.6,1231.3,4,2
29,1573.92,3476.55,9,6
19,2803.03,318.38,2,0
44,7682.37,1498.24,4,6
27,6240.39,2076.58,6,4
46,14380.57,7500.25,15,2
35,4607.22,3315.99,3,5
33,1528.7,2095.82,3,4
48,16497.9,8364.12,16,3
21,2526.58,812.74,1,3
29,2363.73,2350.69,2,2
21,2262.93,1159.04,3,0
62,18508.27,5824.19,11,3
36,1663.44,518.84,5,0
30,500.0,2022.54,0,2
28,500.0,508.92,0,0
35,15993.97,7196.55,17,2
44,1964.35,1374.95,3,0
32,6425.43,0.0,4,5
62,17522.35,6144.62,12,2
46,6843.14,4500.67,9,1
36,6960.68,3346.02,7,3
28,12575.27,2973.45,6,3
42,17542.54,7303.79,14,5
53,6004.58,3890.88,9,4
18,1375.41,0.0,2,1
46,7558.54,4325.15,7,2
22,827.07,420.21,3,1
37,1653.21,1306.22,3,1
46,9344.92,2151.14,7,2
39,6419.99,1911.51,2,5
28,5661.56,346.41,4,4
52,19583.55,6532.2,14,3
55,15041.89,8015.28,14,4
49,15987.97,6530.33,15,2
42,10396.58,3842.19,9,2
34,8640.66,4327.18,12,0
18,2729.18,0.0,3,1
34,7007.13,4108.17,9,4
42,10270.2,3288.74,8,1
29,4157.73,2266.87,4,8
34,9912.06,3313.42,7,2
26,5879.41,892.69,4,4
51,14621.45,6575.26,17,3
54,14870.51,7706.01,14,3
35,6065.24,2434.41,5,5
31,7697.74,3640.5,9,3
19,3659.64,1680.66,6,1
54,14698.84,6789.14,10,3
46,10089.07,3315.6,5,4
57,15496.13,6725.5,13,3
19,8616.08,3680.35,7,2
45,5484.13,2980.02,5,5
57,9064.5,3591.56,7,4
30,5486.28,2090.94,6,4
27,1777.12,522.95,0,2
36,3536.85,2304.86,1,5
23,2001.37,1720.85,1,0
28,8021.01,3260.01,9,4
35,8036.63,3621.41,8,3
31,500.0,637.73,0,1
49,15774.84,8086.73,13,4
30,10053.05,2943.58,10,5
18,3282.66,749.8,7,5
46,7386.11,821.08,5,5
36,5567.16,3532.86,7,3
33,9615.61,2925.22,10,3
27,3569.91,1325.97,5,7
41,14818.49,6449.49,17,4
42,7294.96,2896.63,11,3
45,5693.99,1743.58,2,3
66,18568.06,7729.2,19,3
46,17211.78,7590.65,12,5
22,7041.7,2747.0,8,3
49,6706.76,3709.48,12,3
59,18394.12,8434.36,12,3
33,2014.6,193.34,2,1
18,2621.3,507.9,6,0
33,3449.99,1011.69,5,1
32,2580.76,1570.34,2,1
28,500.0,1080.61,0,2
29,500.0,286.1,4,2
36,7206.04,2983.21,8,5
22,3700.43,2011.05,5,5
33,2337.57,0.0,3,5
56,18218.33,5885.98,13,4
26,3846.77,1218.8,2,4
49,18008.75,7341.58,13,1
18,1013.61,977.98,0,1
43,9856.28,4183.43,6,1
27,3030.69,1442.57,5,2
58,16655.16,9207.78,14,4
23,500.0,1466.49,1,2
52,6588.74,369.57,4,4
19,500.0,1499.73,2,1
31,1784.83,3250.45,3,2
36,8011.78,4251.75,3,3
22,2365.09,1160.88,4,1
29,2468.95,0.0,0,3
18,3427.66,841.47,2,2
25,3205.34,0.0,3,1
41,16817.51,8231.94,12,3
49,14660.19,5581.57,13,4
36,3129.25,1265.28,1,3
49,20594.42,7348.51,10,3
33,3054.97,1983.91,4,1
33,4886.19,1124.9,3,4
38,8838.85,2834.35,5,1
37,8986.6,3514.68,7,3
34,3603.37,1233.4,4,0
35,3838.44,68.73,4,6
25,500.0,99.09,3,1
43,6539.05,3252.54,12,3
59,18533.42,8816.82,14,1
37,7043.79,3292.95,6,5
52,17195.95,7144.38,15,3
25,500.0,350.87,3,0
31,3517.22,1059.06,4,5
31,9874.61,2688.21,8,2
40,2362.2,0.0,3,6
38,3349.03,1576.97,4,6
44,9694.32,3972.95,8,4
31,7498.5,3936.39,6,3
48,16002.62,6522.92,19,2
26,500.0,118.32,2,0
33,4910.82,1427.29,4,4
42,19877.33,6532.32,14,3
34,2331.68,803.95,3,6
41,7131.28,3750.96,4,2
56,9046.15,4673.13,4,2
54,16714.52,8062.63,14,3
20,3196.92,0.0,0,1
38,4707.63,1715.66,8,6
20,2926.66,1405.43,3,2
27,1021.51,513.44,3,6
18,4507.38,1340.55,2,1
30,2258.24,1532.76,2,1
57,16323.95,5960.61,13,6
52,20137.73,7769.97,17,3
45,18868.98,7026.69,15,4
37,4724.15,1620.26,2,3
37,3600.72,2091.65,1,3
24,1836.15,2128.51,1,2
29,2705.98,0.0,3,1
35,9534.33,3778.08,7,1
35,7796.7,3915.34,3,3
26,2426.74,645.27,0,1
35,3119.66,660.14,1,2
62,18637.32,7673.27,17,3
37,7159.27,5047.73,6,3
38,3612.61,1323.17,0,1
39,6845.58,3144.01,7,4
42,6550.9,2140.13,5,3
52,19604.77,7848.65,10,3
44,9729.01,4308.52,8,2
47,6721.92,3382.33,8,1
18,2087.2,1638.03,5,1
18,1198.44,632.25,0,3
37,3206.66,775.48,5,0
18,500.0,2560.53,0,1
20,4700.73,651.86,2,1
25,500.0,937.57,0,1
33,4362.34,845.09,0,1
27,2020.81,0.0,6,2
32,8727.34,3400.65,6,2
32,500.0,702.99,0,1
27,4503.17,1304.31,0,0
36,7760.51,4053.46,9,3
25,7828.57,2499.2,10,5
40,8234.93,3252.15,7,3
18,2144.91,501.59,1,2
36,1775.6,1572.07,3,0
45,13237.55,7713.57,15,2
24,1226.9,1890.96,4,1
65,16202.94,6587.81,12,1
26,3227.15,204.91,1,0
46,9835.11,4805.33,7,3
30,3070.84,0.0,1,3
48,3826.16,1768.11,4,6
36,933.13,335.9,3,2
21,1036.17,1894.01,4,3
44,9037.69,2102.0,8,2
37,7903.14,3062.89,7,3
25,500.0,365.84,4,1
53,18823.97,5102.48,13,3
18,500.0,1491.21,2,2
35,6229.65,0.0,4,4
27,4660.79,1089.75,1,5
53,17086.93,5908.93,15,6
58,16014.06,6786.22,15,1
28,5005.46,411.02,7,7
39,10459.14,3774.43,9,3
24,3955.88,1522.17,4,1
40,5462.24,2719.63,8,4
53,17124.89,6447.01,12,4
44,4553.75,80.22,2,4
42,21066.84,8208.99,19,2
40,3692.41,261.9,0,4
35,6923.22,3985.95,6,2
51,16953.57,6081.48,16,4
19,1165.44,671.06,3,0
30,1156.09,156.83,2,4
39,9663.17,4550.35,9,4
41,11442.36,4098.64,11,2
41,15930.71,8176.75,18,1
59,14289.42,6517.69,11,2
57,15531.37,7775.35,13,1
68,17266.96,6637.38,12,2
46,13561.93,6866.9,14,2
42,7481.75,2973.43,5,1
32,3551.59,797.07,2,0
36,12865.32,7550.98,15,4
57,17702.33,4984.14,17,3
18,4727.14,1764.79,5,4
18,3124.78,62.84,3,6
28,2382.7,0.0,5,8
41,13316.59,3849.7,5,2
23,500.0,53.48,5,2
33,17593.44,6665.59,15,3
55,16519.02,6895.69,13,2
31,2914.38,1091.81,3,5
35,8270.68,3791.69,6,2
23,1257.69,0.0,3,0
32,5489.62,703.59,4,6
50,17338.82,6290.53,14,1
43,20936.39,6101.5,16,2
53,9497.68,3463.06,9,3
40,7056.46,2741.53,10,0
36,13370.59,8630.85,13,3
18,1071.25,137.21,3,1
18,1709.85,2057.51,1,0
33,7888.82,1171.23,4,4
43,6336.04,2576.54,11,2
38,8212.81,4321.32,8,1
27,6056.41,1847.87,5,6
50,15746.82,7362.63,15,2
59,19304.07,6766.89,13,3
50,17957.06,7784.61,13,3
38,3715.77,1250.59,4,4
32,9446.74,3201.07,8,4
45,7814.53,5772.41,10,0
31,6448.46,1685.59,2,2
39,5210.59,2786.34,6,6
33,1161.91,2185.22,0,3
31,6288.62,855.7,4,4
62,14564.16,6170.45,11,5
31,9532.73,2913.07,7,3
66,18993.4,5762.84,12,2
52,18410.24,8672.27,14,4
49,7839.52,3372.8,8,3
37,4243.07,3044.72,5,5
47,17192.07,6768.37,13,5
53,15672.55,7220.76,14,3
62,15839.06,7939.07,15,2
32,3159.0,1110.55,1,8
36,2958.44,1218.19,4,6
33,7775.85,5618.56,5,3
52,18367.67,7663.18,15,1
54,16563.06,5919.16,12,3
19,2616.45,343.55,3,1
45,10970.3,5033.68,8,2
49,17890.01,8554.55,15,2
49,9792.01,4280.08,10,4
60,16797.87,7287.27,18,2
50,16974.95,9559.33,15,3
47,16757.24,8353.1,11,3
28,2393.72,2614.67,2,6
36,4525.6,112.07,0,5
48,17973.65,7227.64,13,4
45,16185.78,7651.29,17,2
29,7921.0,2552.41,8,1
36,4787.9,0.0,2,1
28,500.0,1177.82,0,0
32,534.75,820.13,0,0
46,4555.93,777.22,1,1
23,500.0,587.91,2,1
29,2449.0,2346.96,3,0
34,7477.17,2401.65,5,3
40,9331.93,5728.89,7,0
37,5703.85,1573.36,3,6
32,6567.76,3170.23,7,2
34,8208.76,2641.24,6,2
32,3624.5,2258.99,4,1
41,8412.64,3689.05,7,2
51,15970.23,7245.8,13,1
20,4474.53,97.36,5,8
33,5656.69,1018.82,5,6
32,5521.71,1417.97,0,6
34,4995.68,1673.44,1,6
41,644.22,2225.47,1,2
52,6118.53,1701.47,9,0
35,13590.36,7398.44,14,3
33,9593.25,4163.92,4,4
55,16204.99,7460.46,12,3
18,4798.59,2109.67,4,6
30,6699.64,42.1,4,7
30,1268.16,19.63,1,4
18,1081.37,986.38,1,0
46,8766.5,2617.03,8,3
28,3890.17,755.01,2,2
27,8192.26,2138.27,7,5
18,2166.81,1594.71,6,4
57,16348.25,5751.08,10,4
44,17326.15,7630.98,15,2
55,18597.4,6809.46,16,3
34,3057.12,491.83,0,4
21,1307.93,475.1,6,0
18,542.91,759.1,4,2
45,10481.44,3606.84,7,2
22,6062.6,934.45,6,6
30,6306.24,414.91,2,1
18,4805.24,1468.89,3,5
42,7148.81,2910.69,6,5
47,2135.0,490.57,0,2
28,3513.73,1514.63,4,4
36,8168.96,5173.33,11,1
24,734.03,3268.48,1,3
24,15661.69,6817.67,11,3
32,2646.22,1928.94,2,2
46,6216.43,2973.37,9,3
26,7328.98,859.78,5,3
55,16843.85,5735.03,15,2
41,17392.64,8067.01,15,3
33,7826.32,823.54,4,5
37,4557.59,2582.97,8,4
50,14519.81,5077.47,11,4
40,8729.14,2418.22,6,2
45,5007.2,756.24,4,6
50,17339.36,6882.54,12,3
34,6724.86,1133.22,7,3
29,5873.9,555.77,1,8
43,7459.98,3471.12,7,4
42,6911.25,4032.03,8,2
37,6432.79,878.01,4,9
48,12203.57,4524.9,7,4
44,6716.15,224.83,4,5
58,14612.03,8094.65,13,4
23,500.0,1715.22,5,0
40,5592.17,3621.66,4,7
40,15611.27,7611.91,13,4
47,7856.09,3272.38,5,4
39,8195.6,1897.98,8,3
24,3389.13,1091.59,6,0
57,7469.57,3796.92,6,3
49,14358.91,8215.53,14,3
41,9954.79,2589.83,4,2
52,20372.2,5896.39,14,3
33,5497.97,132.22,6,5
54,17676.18,7215.65,15,2
23,6631.02,3607.64,5,3
40,10306.4,2169.48,9,1
30,10000.71,5014.28,8,1
43,16870.94,6136.78,11,2
26,4636.31,1974.03,0,4
59,17954.68,5413.04,16,4
51,15421.92,8393.26,16,3
28,1035.6,1137.59,4,2
37,16176.55,6700.84,11,4
50,16215.2,7964.87,13,2
32,5366.3,2240.27,4,5
42,17857.72,7433.2,16,5
43,6911.91,1018.96,4,6
23,2988.56,274.12,4,5
41,15356.68,5840.71,14,2
48,9152.42,4425.1,3,3
38,4727.08,3762.95,8,4
34,3887.01,1159.89,3,7
56,16076.43,7567.19,10,4
53,15841.88,7080.01,15,5
30,8686.9,2666.48,6,1
40,4896.07,2439.61,6,5
32,1252.58,1256.55,1,2
18,2266.21,0.0,4,0
18,500.0,1666.78,2,2
33,6935.4,3346.01,4,5
18,500.0,2172.45,2,1
18,8573.66,4416.86,9,4
59,14830.19,5357.26,14,3
48,16800.06,6845.92,15,1
25,7463.46,2158.19,0,4
41,5892.12,2546.32,1,6
18,3202.96,399.91,2,2
37,500.0,191.07,0,1
50,15892.89,7751.2,16,2
21,2248.86,2020.5,1,0
38,3380.28,2085.25,3,5
52,18006.9,7706.68,13,3
29,5648.29,0.0,6,0
37,5520.9,975.59,1,6
38,2709.29,410.41,0,2
33,6091.77,3811.86,5,2
47,7953.03,2680.88,11,2
40,5691.36,4227.2,10,2
61,18988.5,6517.21,8,3
32,7043.04,4893.21,8,2
28,2949.35,69.15,3,2
57,15349.06,5894.21,14,5
55,18927.02,6135.77,11,2
42,5638.94,1930.75,5,6
24,500.0,672.15,2,2
46,20924.76,6850.41,12,2
27,5872.08,972.88,3,5
51,18583.92,7720.33,13,2
21,2903.66,0.0,4,2
39,17239.29,7397.75,12,5
42,10009.8,2724.62,7,2
45,6359.57,2753.32,10,2
46,10739.58,4401.97,9,1
26,7167.13,2705.06,8,1
29,10843.74,4848.07,5,2
39,7668.29,1118.25,4,4
55,14590.17,7064.67,18,4
25,3539.57,999.03,2,0
62,16151.25,9107.36,14,6
38,4026.53,447.66,5,4
23,2461.57,1900.27,0,0
39,8191.65,846.87,6,5
23,6537.29,1450.5,3,4
34,11729.72,3532.76,8,4
34,500.0,1568.51,6,2
18,1449.26,1214.62,0,0
32,8143.57,2511.55,10,3
44,8674.77,1981.01,8,2
30,11631.58,2029.37,6,3
52,16427.89,7264.26,16,4
51,19013.62,6284.29,15,3
31,9017.43,3308.99,8,3
55,14582.95,6814.94,11,5
34,11867.33,1971.69,9,2
45,6493.19,228.18,4,4
18,848.8,0.0,0,2
53,16811.02,7213.51,17,2
32,5418.33,2265.96,1,3
57,17787.74,6324.39,11,3
26,4696.5,136.05,2,1
49,9581.02,3738.48,10,1
44,10274.98,3952.98,8,3
40,7381.66,4697.28,11,0
41,7984.95,3363.1,8,5
60,15423.42,4390.08,15,4
52,13707.18,7359.15,16,3
22,3778.48,435.08,1,1
29,3245.83,2105.13,0,1
40,5873.11,0.0,0,5
39,7196.67,4945.33,7,3
51,15790.35,8023.04,13,4
43,9369.42,4096.7,6,4
51,6673.46,4156.07,6,4
42,19357.66,8095.3,16,2
29,9060.05,4147.18,9,1
23,4418.36,0.0,3,0
23,6565.47,605.26,5,5
39,7009.92,3115.14,5,0
22,3717.27,1871.24,1,0
45,5865.34,2364.27,2,6
48,5439.67,1250.22,5,7
38,4303.54,2028.04,3,3
23,500.0,0.0,1,0
50,16505.45,7214.84,12,3
57,18012.96,7836.72,17,4
34,1604.91,267.77,2,1
53,7087.34,4125.48,8,4
28,5572.97,972.31,1,6
28,7620.79,3196.18,9,2
30,5079.68,1737.66,1,0
34,5554.33,3372.63,1,5
38,6220.69,674.68,0,5
34,1714.8,196.26,2,0
47,18087.08,6373.7,12,1
45,14825.14,6626.94,12,2
18,1493.31,205.18,3,1
44,17157.32,6606.97,18,2
28,779.15,0.0,0,0
49,17974.22,6448.99,14,1
44,17980.99,6790.24,14,4
50,16161.17,7196.26,13,4
25,3612.59,0.0,4,0
31,4256.05,1127.54,0,5
60,16444.53,8036.66,13,4
40,3383.19,887.95,4,2
54,16349.11,6011.34,17,5
33,10203.83,5199.2,8,4
43,10728.16,2444.54,9,2
18,6016.32,1012.83,0,2
29,1013.85,1562.1,3,5
21,3086.76,90.78,4,2
61,17562.73,6749.49,13,5
53,16540.8,5120.94,14,4
19,3687.15,235.19,2,0
40,11877.73,2552.1,9,1
27,4221.27,1177.82,4,6
32,1881.93,1361.98,4,1
44,15447.57,8407.49,17,2
52,15927.86,7400.54,15,2
44,8875.58,6062.46,6,1
32,3586.89,0.0,7,6
28,3621.98,780.17,0,1
40,9540.72,3273.95,3,3
47,3856.77,1387.13,5,4
18,4799.61,1499.25,5,2
38,7611.23,3852.55,11,3
55,8070.98,3886.67,7,2
57,7398.95,4483.46,8,3
67,19848.96,6915.09,12,3
51,15278.4,7076.57,14,3
25,4050.58,435.87,2,1
31,3392.36,1435.19,0,0
26,863.52,242.27,5,1
54,17923.56,6550.47,12,5
19,2865.93,913.78,2,0
60,16128.08,6663.42,15,4
50,8209.83,4575.38,7,4
29,4186.85,963.19,6,4
47,5097.86,2508.68,8,3
59,17923.07,6254.67,14,2
43,17548.05,7558.17,17,4
49,5461.61,1426.6,2,5
56,16365.33,6488.89,15,2
54,18233.05,8332.65,13,3
35,9876.11,4331.78,6,3
26,1766.4,1843.45,2,0
19,3824.97,3260.67,2,2
38,7931.48,3764.79,5,1
31,4290.35,745.03,3,5
23,1394.62,1529.94,4,3
27,866.13,1362.73,4,1
30,1203.42,1303.49,2,2
23,597.16,1624.44,2,1
49,19033.21,6329.1,16,1
25,3581.29,0.0,1,1
44,9523.53,4952.14,8,2
35,11504.37,3063.13,4,4
34,500.0,777.98,0,0
33,10584.59,2870.39,10,1
37,7128.58,4976.06,6,3
53,18159.34,7406.78,12,5
25,2618.04,2307.17,5,3
29,3283.75,926.51,1,1
28,7024.17,1489.19,6,6
44,17700.04,5920.21,14,5
36,10473.49,2954.58,7,2
63,17790.8,6540.77,10,4
48,20398.58,6178.94,15,5
39,6362.98,4265.47,6,2
33,4381.3,1564.39,2,5
38,10366.26,3740.4,8,1
35,3770.51,778.9,3,5
23,7761.74,3454.29,7,5
34,6685.85,0.0,3,0
37,14834.5,9067.66,16,3
38,1014.46,1599.44,4,2
36,6715.17,4476.36,7,2
35,1724.69,0.0,1,1
21,1554.28,2288.47,3,2
37,4586.32,2826.09,8,3
27,3984.3,376.72,0,0
45,16042.54,6272.82,19,3
55,15718.11,9229.59,14,2
49,14031.26,5401.84,13,3
30,5846.34,1686.46,2,5
56,16459.53,6947.26,15,3
68,16259.73,9127.38,13,2
33,6046.49,2956.88,10,2
23,5823.77,4885.66,4,3
23,500.0,127.9,0,0
51,17979.11,9275.24,12,2
53,8710.35,5275.15,5,2
57,16361.55,6513.33,15,2
41,10810.3,4368.91,6,4
18,4518.73,1687.32,5,5
43,5418.0,1385.14,3,6
19,1068.25,167.48,0,3
46,9240.9,2119.32,7,2
28,2035.72,356.27,2,0
36,3695.21,0.0,0,3
41,2660.84,585.16,5,8
33,7043.49,8.67,1,0
36,500.0,1923.83,0,2
21,1967.78,2586.12,0,0
44,17881.62,7595.49,18,2
58,17317.15,6538.61,15,5
34,9401.05,4632.71,8,1
57,20016.68,7967.12,16,4
38,8110.61,1601.71,10,3
18,7563.84,1717.89,3,3
44,10649.96,4295.49,6,3
22,8223.38,3831.71,7,3
27,6741.97,1615.6,5,5
27,19042.04,6731.76,12,2
39,500.0,2098.95,0,1
38,17165.1,8456.97,15,4
42,2902.77,630.5,3,4
35,9059.19,4544.15,7,3
24,500.0,1899.52,0,4
31,8039.0,5404.92,10,4
19,1462.26,87.07,8,0
52,17006.0,7356.54,15,4
30,4070.11,1510.25,1,0
45,7183.46,3811.56,10,0
56,14053.34,7475.03,18,4
34,9931.4,4080.92,5,4
37,10880.16,3400.42,7,4
54,10788.1,5311.46,14,4
53,7520.84,4636.64,6,2
43,17098.76,6274.39,12,2
23,575.16,983.74,1,0
35,6935.63,2690.45,9,2
50,17115.58,6104.16,14,3
27,3353.12,3204.36,2,6
26,1863.12,664.78,1,1
49,2725.04,1557.92,3,2
37,6375.85,3859.83,5,3
51,15930.34,7200.18,14,3
54,10959.19,2649.44,6,4
47,8296.33,2708.62,10,2
21,8081.76,1985.72,6,1
33,6574.35,901.66,3,6
53,3119.75,2756.62,4,4
45,9438.94,3964.09,7,2
57,15079.65,7935.46,15,4
20,1632.77,971.97,0,1
47,17832.48,5611.44,15,3
47,14695.03,7923.71,13,4
46,17141.66,7461.57,14,3
69,17486.31,6803.36,11,2
50,17598.58,6934.77,16,4
35,4489.01,360.18,0,1
32,7678.94,3681.98,6,4
35,3696.37,1840.17,3,0
40,18996.75,6566.67,12,3
22,614.3,0.0,3,0
21,1501.45,0.0,1,1
53,16598.88,7952.19,12,2
43,8117.46,4374.43,6,1
26,5672.0,3707.09,6,4
26,536.42,158.68,2,0
36,4626.81,2121.83,6,7
37,4524.59,1187.18,6,5
52,13793.13,7345.02,17,3
18,1825.98,346.57,0,1
24,623.74,1423.67,6,6
57,18514.61,5784.53,14,2
51,18195.46,8093.13,10,3
55,17236.83,8748.15,11,2
31,5272.7,2647.22,1,1
26,3065.29,1034.76,3,1
30,7652.69,1951.61,9,2
56,8535.35,4247.33,7,0
25,5885.68,1702.91,1,4
28,4163.16,1346.45,3,4
40,3274.35,872.08,1,0
19,500.0,0.0,3,0
18,3641.08,1000.84,4,0
19,6210.68,141.32,3,4
34,7602.45,3211.7,7,3
27,5249.67,1137.75,2,3
39,9384.67,5039.22,5,3
43,6195.18,3388.56,6,1
38,8219.53,3518.4,8,1
44,4107.53,1559.49,0,2
44,14423.61,9083.75,15,2
44,17290.34,7050.76,14,2
21,581.11,917.09,3,2
49,15890.93,7007.52,14,3
58,15760.38,7337.47,15,2
52,17386.45,7461.08,16,2
36,7598.78,2842.24,6,4
19,9014.41,5762.42,8,3
57,16442.65,7030.27,13,3
31,1281.41,1303.86,2,6
30,2046.55,1297.18,4,7
23,2301.33,1367.83,0,2
30,3148.24,1222.6,0,2
18,816.83,0.0,2,0
18,1095.33,2404.14,4,4
22,3931.58,0.0,6,2
48,15342.64,7582.16,15,2
23,2397.86,2961.12,3,2
46,6261.01,3285.62,8,3
25,2996.81,1197.14,3,2
28,1553.67,86.81,3,4
50,17671.45,6249.18,11,3
21,5096.51,3307.56,8,2
20,2131.68,1099.65,0,1
18,3256.2,634.22,1,0
63,19070.24,6581.11,12,1
23,1952.49,1910.15,4,0
36,8441.37,2382.38,6,2
32,6894.01,4480.54,8,1
23,3805.98,1209.78,3,0
18,851.31,1395.42,3,2
34,6788.69,5025.76,7,2
30,1968.61,1357.18,2,1
34,5743.22,3156.7,6,5
54,17034.49,8498.94,12,5
29,5975.55,1980.35,0,5
41,5359.23,2356.45,2,4
36,6728.83,1908.61,5,3
53,9824.39,3861.71,5,3
30,8678.61,3746.92,6,1
34,8433.51,4919.26,7,1
42,3454.67,110.52,4,4
39,4250.59,1794.91,0,3
46,17461.24,7552.45,13,4
19,1765.9,246.05,3,3
33,500.0,1511.65,0,1
23,3680.96,1110.13,5,1
25,657.35,2301.48,6,1
39,3617.22,1186.55,6,7
21,1281.46,3209.16,2,0
42,8981.1,4549.71,7,3
35,4925.24,357.01,3,6
72,16279.5,7666.56,12,2
23,7776.18,629.69,3,5
50,16199.98,6223.86,17,3
36,4109.77,2229.2,1,6
36,500.0,1288.9,2,0
35,4664.93,2701.13,5,4
27,1036.75,2192.36,1,1
29,500.0,2284.25,3,2
32,933.1,617.42,4,1
35,2671.95,1458.93,0,0
51,3322.99,590.64,8,5
32,3169.84,2471.68,3,5
43,9246.72,3320.24,6,2
55,11713.41,2102.7,9,3
55,16755.57,8394.34,13,3
22,4702.46,384.69,1,6
18,1086.84,603.79,2,2
40,8420.71,4201.3,8,3
20,3755.42,883.58,3,2
41,5881.01,1921.27,7,6
35,726.12,1691.06,4,1
32,6459.79,1156.91,0,6
41,6063.4,397.81,7,3
26,2672.56,359.32,0,0
31,4030.46,2522.3,3,5
56,5983.47,444.88,4,6
48,16446.35,7535.94,14,4
18,3418.09,406.7,3,3
38,5745.03,1923.49,5,4
18,2727.46,359.02,0,1
41,9312.77,4312.38,6,2
54,20327.17,5701.03,14,4
41,9974.02,2933.02,10,3
41,1913.53,0.0,0,3
39,7139.08,1516.22,5,7
25,1390.36,1256.13,0,0
51,9136.37,3854.57,5,2
50,18994.02,7595.91,15,3
18,3371.93,1275.47,2,1
43,8380.63,5293.42,5,3
42,8057.88,2712.46,8,2
42,4826.03,1224.46,1,8
62,19506.19,7241.35,13,4
50,18166.34,8253.72,13,1
22,2956.67,0.0,5,1
24,7230.0,2831.62,6,3
41,16363.87,7890.27,15,2
37,3115.34,3009.08,3,0
28,7967.56,3063.23,6,0
47,3391.17,0.0,2,1
54,20119.79,7014.81,15,3
49,17322.71,5730.51,14,4
29,6336.04,2335.97,6,5
25,885.16,1403.34,4,0
36,6746.57,3815.59,6,3
38,11102.33,4968.71,7,2
45,7702.41,4128.5,7,5
44,6496.19,3789.54,9,4
46,10961.81,4016.52,8,4
18,500.0,1610.34,4,1
41,2801.21,1268.11,1,0
50,15094.56,6991.15,13,1
18,500.0,1402.24,0,3
44,5331.53,2079.07,2,5
36,500.0,705.61,5,2
35,4253.35,0.0,2,5
28,12215.75,4482.34,6,3
22,3379.05,0.0,3,4
20,1480.84,0.0,0,3
37,5455.83,1114.59,5,2
35,3238.16,112.5,3,6
36,16000.82,6832.74,16,4
42,1553.36,2357.46,1,0
25,4033.87,1487.17,4,4
28,3522.45,527.77,1,2
44,18776.08,7109.93,18,4
26,2625.19,1414.16,2,0
39,7173.01,2780.58,10,2
40,7672.56,3841.5,10,4
35,2013.79,1522.12,1,5
26,1937.17,1388.35,0,2
32,8012.1,4238.44,9,3
48,18542.81,7636.23,12,4
41,6584.55,3640.33,11,4
56,13515.55,5473.5,13,3
30,1892.36,409.47,4,0
58,16242.37,6649.16,16,2
34,5938.55,2626.32,10,1
44,10016.46,1784.61,9,3
41,9971.65,3825.62,5,2
47,15736.16,5817.6,14,3
44,17698.22,7076.76,12,4
46,15741.67,8234.59,18,2
40,6226.01,3855.61,6,2
36,6254.29,5037.27,8,2
50,9423.69,2158.63,7,0
39,500.0,1503.81,1,0
21,3420.92,593.77,2,3
40,10489.74,4050.05,9,2
37,7282.29,3295.77,4,3
23,500.0,0.0,5,2
23,9106.26,3876.93,3,5
29,1285.86,1393.01,1,1
42,9420.6,1977.76,5,4
41,6724.13,2495.82,9,3
67,15227.09,7244.41,13,3
19,3890.09,1942.71,2,1
56,10143.02,3605.25,3,3
50,10702.99,3268.68,6,4
55,17573.89,6858.95,14,1
33,8551.67,3884.11,6,2
18,500.0,1508.06,3,2
39,7568.21,3326.06,10,2
47,9230.99,2634.82,8,1
26,2371.86,1509.09,0,0
40,6167.2,4593.38,11,0
27,540.59,1279.2,0,1
36,6256.36,2574.88,8,1
33,6673.14,4555.14,10,2
37,4597.17,1339.54,6,6
39,5010.92,1470.36,5,4
31,500.0,207.98,0,3
48,16614.58,6266.43,14,1
33,7707.62,2416.18,11,0
42,1888.68,1906.97,2,0
37,17062.73,8657.29,14,3
20,4133.08,0.0,3,0
52,16768.5,7362.22,13,5
48,17389.99,5615.5,16,3
33,1526.17,952.66,5,5
50,8738.53,2719.82,8,4
32,8011.84,3046.83,4,2
38,3318.47,2115.17,5,1
33,1661.72,215.74,3,4
31,10303.09,3036.26,7,0
31,6502.82,3913.43,8,4
32,2986.13,467.61,6,0
30,8429.21,3812.19,7,1
32,8618.41,2094.2,8,4
78,15069.37,6928.09,15,1
35,16076.21,6529.44,17,3
28,4167.94,1943.56,5,3
41,9335.92,2964.06,7,3
33,3470.3,1513.31,7,7
44,3838.32,1594.78,0,0
51,8858.05,2366.76,5,2
53,16540.83,5283.13,13,3
50,10728.23,2863.53,7,3
57,18477.45,6363.43,11,5
22,1344.86,0.0,0,0
35,6089.88,1813.29,5,5
42,17701.82,9325.36,10,4
26,6330.47,1415.73,5,7
18,500.0,0.0,1,2
49,18021.72,7802.15,11,1
37,8796.35,4687.48,11,4
35,16277.32,7176.93,13,1
58,17469.34,7234.07,13,3
41,17907.74,7317.76,17,4
43,5139.59,4520.0,5,3
46,7289.21,4499.27,10,4
25,922.73,2288.54,2,3
65,16577.97,6477.9,13,3
23,4538.14,2292.2,8,7
38,4076.41,475.64,3,7
18,789.13,0.0,3,0
44,16220.94,9525.79,10,4
38,8439.96,3884.27,2,3
52,17195.89,7419.58,13,4
18,2579.19,2452.78,1,0
57,17572.29,6243.24,14,3
46,15766.1,6332.82,12,4
32,2518.48,887.98,2,1
40,4049.87,102.32,1,5
26,4508.89,1154.73,0,1
37,8178.26,3312.84,5,2
50,7291.39,3763.04,4,2
41,9321.53,3195.76,5,3
34,11088.1,4552.68,6,2
18,2643.43,400.01,7,0
26,3614.87,1252.39,2,5
43,15119.82,5992.09,10,1
53,19851.52,8251.04,17,4
32,2501.57,1642.95,3,7
31,10468.71,3608.99,9,3
27,6966.99,1280.95,8,6
30,1994.95,308.46,4,2
29,2039.78,1793.57,0,2
45,16529.83,5762.21,14,5
69,19066.54,8165.25,13,4
54,19114.42,7091.08,14,3
35,1005.86,1103.24,4,2
49,6864.36,4903.53,7,2
57,17348.6,7043.74,12,3
45,2550.67,1513.64,3,7
20,500.0,0.0,4,2
57,17403.47,7730.52,13,1
38,19110.21,7814.29,14,3
33,500.0,654.01,3,0
58,14673.87,6920.32,12,0
43,17313.98,7025.5,12,2
39,1675.34,531.53,5,0
53,15392.52,7152.63,12,5
37,6886.6,2262.6,4,4
34,10404.67,4540.68,7,3
36,16803.65,7665.37,17,4
29,7971.22,2160.86,6,5
21,4357.69,2496.02,4,1
40,8392.68,2158.66,7,2
24,500.0,649.36,1,1
24,2311.55,817.33,0,3
29,10347.41,2974.42,11,3
57,17553.71,8736.36,14,4
22,1298.04,708.88,5,2
34,6018.44,1774.07,3,3
49,14083.02,6862.35,13,1
34,8204.51,3298.92,6,2
50,17440.68,5892.89,12,2
43,9737.55,4257.56,10,2
48,11035.57,4025.36,11,3
43,6538.24,3394.31,8,2
33,1323.45,738.41,5,0
28,2821.71,0.0,5,2
26,2929.89,0.0,2,0
46,14611.42,7251.08,15,4
52,9028.6,5174.27,4,3
41,17721.73,6239.83,19,5
48,16669.31,7426.69,14,3
40,11369.91,3630.03,5,1
40,3008.17,901.59,2,4
42,7556.72,3554.49,7,5
18,1042.3,922.08,0,0
50,16594.41,6968.93,17,4
38,7644.76,3150.71,7,0
29,9307.6,3457.64,4,4
48,17112.28,7946.15,9,2
55,15420.44,6410.64,15,4
46,15779.38,6744.55,13,4
28,1631.09,2336.61,4,0
26,4761.77,1291.55,2,1
32,967.77,482.69,3,0
32,6162.08,1532.08,6,6
32,12615.36,3783.84,5,2
39,16164.84,7377.74,13,4
31,7620.35,4797.77,7,2
24,2762.25,50.79,1,0
48,15528.86,7905.83,12,2
52,8695.73,2273.38,9,0
42,16023.78,6747.13,18,4
34,3143.68,2809.58,1,3
49,4989.19,3052.13,3,4
44,8042.07,3309.28,10,3
45,7829.35,2653.57,9,4
53,16290.14,7973.25,15,4
18,4964.68,1449.05,2,1
38,8071.26,5154.88,8,3
49,19171.2,7336.93,13,6
46,5975.98,3472.35,6,1
36,6012.05,551.49,1,0
28,938.76,1809.59,2,0
37,7144.7,2486.71,5,5
32,6184.65,516.56,2,6
24,5940.03,1226.1,4,7
46,6509.93,2792.27,11,3
28,1921.01,407.98,0,2
26,3428.32,1662.18,0,0
53,16203.79,7229.95,17,4
38,2024.0,2065.85,0,0
39,3807.84,1134.6,5,7
39,5046.52,564.37,5,2
37,4657.6,1667.94,4,6
41,7601.46,3395.47,7,4
30,3622.63,2834.83,4,1
31,7532.82,569.68,1,5
49,19170.77,6215.44,17,2
32,11473.16,2712.43,15,3
26,5740.51,871.57,5,3
19,2475.92,1387.88,2,2
21,544.72,426.57,1,2
41,11989.38,3020.29,7,3
53,15054.34,5704.74,14,3
18,2661.28,1733.38,1,3
34,4935.34,1591.57,5,6
48,5037.34,1416.55,1,6
52,16697.31,6867.51,10,3
34,6218.66,2801.64,3,6
64,16453.07,7998.53,13,3
26,5723.57,71.02,3,6
33,5286.46,2992.15,5,7
18,3444.3,971.31,4,3
23,5336.96,531.74,1,0
31,1691.65,952.24,4,2
46,7624.03,4403.96,8,3
49,19452.91,5710.9,14,3
54,18675.88,7792.02,16,3
43,9736.83,3451.15,7,3
46,9357.58,4449.77,4,5
51,17506.67,7571.45,12,2
30,10254.78,5164.85,7,1
48,4067.98,1977.63,2,4
30,683.97,478.32,0,0
47,3744.44,1724.4,6,9
31,500.0,1608.45,2,0
51,15669.02,8072.69,15,3
30,2086.98,0.0,6,0
29,500.0,760.17,4,1
45,17094.06,7395.19,14,3
54,16858.78,6835.29,14,0
39,4717.21,1916.32,2,4
28,500.0,2451.2,0,1
34,3850.65,1358.21,3,6
36,16699.59,6825.03,10,1
44,500.0,3037.41,2,0
32,3671.52,2705.97,5,7
29,2732.98,1262.82,4,2
43,5675.99,1693.7,3,4
37,6707.66,1257.67,5,4
25,500.0,2342.39,3,1
38,1363.7,2393.16,2,5
50,16471.78,7691.55,14,3
24,3201.21,795.59,3,5
54,16561.27,6634.16,16,1
42,2417.96,2059.9,3,1
18,5576.46,1125.89,3,0
41,15941.39,7940.41,11,3
38,8645.58,2601.73,10,1
54,16754.19,7193.87,13,3
54,20811.81,7345.26,15,1
59,15353.28,8221.03,11,4
31,4964.86,747.27,1,0
34,5503.15,3727.81,4,3
40,13641.18,4833.4,10,3
35,2968.57,1080.5,1,1
43,10684.12,3379.8,7,2
31,2446.53,1237.07,3,1
43,6629.39,5196.07,6,3
34,772.63,2214.59,0,0
25,2578.54,0.0,1,1
30,2798.33,759.44,3,0
30,3337.23,0.0,4,6
39,5598.76,1844.29,4,0
30,5369.68,1602.69,2,6
26,2164.95,421.27,2,1
32,1715.59,0.0,4,0
32,3501.51,1912.33,4,5
31,3904.77,227.36,3,0
31,4764.44,2238.47,3,0
70,16343.37,6903.34,16,5
35,667.96,1295.61,1,6
53,8875.35,2806.31,4,2
48,20540.49,8657.08,14,3
35,4386.58,2129.82,2,5
47,20161.56,7157.76,18,2
39,1933.15,0.0,2,1
43,18438.16,8496.56,15,3
38,9246.73,3684.21,8,4
34,6395.65,3703.94,6,1
41,7046.09,2739.57,5,2
18,3148.65,411.96,5,2
28,5900.93,1428.61,4,5
18,1364.16,2199.94,1,3
45,9767.22,4655.66,9,2
54,6145.25,3470.15,3,1
48,3089.19,635.14,1,3
43,7684.21,3753.87,10,3
18,4456.81,3143.12,6,6
63,16576.14,5459.94,16,2
53,16542.81,6929.16,13,4
45,3191.08,1494.57,2,6
39,6784.36,4021.98,5,3
46,6850.91,3735.73,6,1
57,16870.97,7930.34,13,4
44,8855.54,3745.23,8,3
36,8117.46,4074.19,8,1
36,3488.87,629.16,4,0
20,4844.15,465.06,2,2
22,1877.11,0.0,1,5
35,3873.45,2716.97,3,4
18,2073.29,1509.18,3,2
39,10290.27,3618.28,8,2
45,7190.16,1630.6,8,3
54,17774.51,6634.62,12,2
32,1954.78,442.79,4,0
57,15055.03,6399.01,12,2
33,1250.73,693.8,2,2
54,18637.69,7326.53,13,4
47,15594.05,7344.6,12,0
30,3736.13,1496.07,8,1
27,1860.43,433.93,3,6
21,6095.82,1849.13,2,6
31,6562.81,2377.08,5,3
24,1452.9,1414.29,4,0
39,3035.61,1656.73,3,4
19,2380.83,557.07,7,1
27,5256.03,0.0,5,1
32,10228.87,1359.44,5,6
45,3787.03,2245.7,6,6
24,500.0,236.86,0,0
33,5157.79,0.0,3,6
22,3082.39,757.27,1,0
48,18170.14,8406.1,15,2
33,7142.1,3303.9,8,0
51,17409.44,7028.41,14,5
56,16532.12,7227.26,17,4
20,3844.27,1465.87,0,2
28,3132.18,466.74,0,1
27,3092.87,1281.05,5,5
21,1090.81,0.0,2,1
30,8988.82,4204.46,7,3
40,8206.78,3716.87,7,3
36,2842.24,1495.68,3,4
41,6357.64,2572.85,3,3
18,500.0,196.63,3,2
58,17239.96,7274.35,12,5
54,14781.18,6720.83,13,1
39,4667.25,4398.2,8,5
62,16830.15,6925.64,12,2
38,9493.65,4744.43,7,1
50,6048.99,3789.98,5,1
18,3612.06,1269.37,6,0
27,4714.73,1744.86,2,1
43,9529.62,2347.21,7,3
27,10676.55,3269.09,9,0
48,19094.08,8321.52,12,1
28,500.0,1629.36,4,0
47,3318.65,1460.71,5,5
18,4231.48,229.41,4,0
45,8357.29,4229.88,3,1
53,17257.42,6708.51,13,4
32,3145.01,1345.62,3,5
26,3240.62,1289.7,3,3
42,5330.76,2057.16,6,5
42,17331.09,7158.45,16,2
31,5601.21,1464.04,5,4
49,7396.43,3141.68,8,3
40,7530.22,902.41,3,6
34,9210.23,4363.07,11,3
72,15296.5,6766.23,13,4
44,8744.96,4533.32,8,4
30,4578.49,0.0,0,5
53,8481.91,2676.18,11,2
43,7297.0,0.0,6,6
28,3000.73,1572.09,8,1
37,1508.91,1514.55,2,2
30,3736.21,901.08,2,1
30,3794.7,58.83,0,1
47,5618.58,3275.92,6,5
44,17744.15,6506.22,17,4
21,865.71,1528.09,2,1
20,4287.96,0.0,3,0
41,7220.7,3245.23,9,3
44,17672.23,5363.29,13,5
40,14931.84,8852.37,13,2
32,6319.56,1432.84,4,5
44,8918.15,3409.87,11,3
53,14095.61,6833.77,15,3
18,3200.04,1563.95,6,4
52,10052.28,2755.27,3,1
50,15990.64,6155.95,17,2
43,7531.73,4241.37,7,2
32,5355.84,3368.12,7,3
46,17822.2,8043.86,14,1
52,7433.06,3069.83,6,2
44,16715.85,6723.5,17,3
61,18432.32,6283.79,14,5
27,1163.76,1491.53,1,1
42,10130.09,5782.27,5,4
38,8383.23,3694.03,6,3
27,2645.69,257.43,4,4
25,3597.0,1482.76,1,5
60,15174.87,8051.38,16,5
18,6281.16,867.85,5,0
64,17325.57,7794.72,16,4
37,7791.27,3632.91,8,1
42,4990.86,306.23,4,7
18,3352.13,1817.09,1,1
32,2725.78,1630.64,2,7
36,8398.48,1253.67,3,5
23,1707.83,1188.34,2,0
51,6258.54,4841.43,5,3
22,2314.52,1783.93,0,2
44,8749.03,3898.14,7,2
38,500.0,1384.68,1,1
48,17682.57,8215.95,11,3
36,1874.46,1054.98,6,4
43,6268.29,3837.22,5,2
34,7458.04,3754.4,8,2
54,17234.16,7885.18,15,3
35,6438.1,1567.61,6,7
34,2055.31,681.57,4,5
30,5155.36,0.0,4,0
73,14537.01,7467.82,16,4
41,535.81,1752.7,6,0
32,8028.35,3663.19,6,2
45,8001.63,4375.49,9,2
51,16294.25,8207.27,10,1
39,3539.82,428.36,1,0
61,18749.49,6610.49,15,3
68,14745.32,7544.87,13,0
31,7231.91,1038.38,2,4
29,2174.1,389.04,0,0
22,6018.21,4227.05,12,3
40,7288.38,1840.47,7,6
24,3690.07,1674.59,2,0
43,7593.98,2732.89,7,3
57,18084.24,6529.06,15,3
18,500.0,870.89,4,0
42,8667.48,3783.77,9,1
33,9859.03,4154.4,7,1
41,7152.97,1673.14,4,5
50,6834.02,1717.27,10,3
53,17102.6,7930.13,13,3
62,18110.62,9153.11,14,2
29,4711.91,948.14,6,5
31,6909.72,931.19,6,4
36,4187.53,1179.07,3,7
50,2200.04,2383.33,2,0
41,6497.38,1766.95,8,8
18,1931.65,1383.79,5,2
21,5965.4,923.21,1,1
29,10195.05,2738.44,9,5
30,6534.21,0.0,5,5
33,6151.94,1487.44,6,7
56,15638.71,6653.25,16,1
28,2150.65,492.93,3,5
40,6944.42,4517.82,6,2
18,1701.37,982.3,6,0
28,3377.3,1931.57,3,2
28,500.0,922.9,1,1
69,16888.02,8740.93,14,3
54,19063.15,6312.59,12,4
34,5685.44,0.0,9,3
33,8993.41,4387.27,4,2
39,3553.34,2871.14,1,6
18,2266.24,0.0,1,2
47,14820.21,7262.44,16,3
36,8976.22,3868.16,6,3
60,17725.95,7214.68,14,3
48,6082.78,1314.49,5,6
18,500.0,1708.89,3,0
51,17923.48,6227.05,17,4
26,1224.85,555.66,5,1
20,3834.13,946.07,2,1
45,8007.7,3337.05,8,1
31,1765.46,1190.32,4,4
19,900.23,453.59,3,0
29,1459.41,1188.57,4,6
38,5442.01,3387.44,9,3
52,4805.89,5765.35,9,3
42,16233.65,7838.08,10,2
62,17228.09,8687.84,14,2
59,16804.49,8400.66,12,2
19,4274.15,2202.01,4,2
41,6102.53,3636.58,11,3
37,1846.62,0.0,0,6
47,9913.49,4584.17,6,2
36,5731.96,4348.24,7,0
27,4754.46,1289.18,6,5
32,5242.81,622.35,0,1
26,4676.56,2027.62,5,6
28,4463.26,0.0,3,1
49,5537.88,2322.53,9,2
47,14939.95,6411.31,17,3
29,500.0,329.45,3,1
27,6992.51,1434.27,0,4
20,2752.96,1397.75,4,1
48,7835.21,3711.8,9,3
27,1804.95,0.0,7,5
35,3126.91,153.45,0,0
25,8077.52,2447.25,5,4
43,8652.89,3357.19,9,3
37,8090.92,889.95,1,5
27,642.94,1049.97,0,3
19,4954.89,940.63,5,5
22,3071.64,1405.21,4,5
53,17496.57,6792.79,12,5
50,3406.86,4192.39,5,2
19,7587.46,570.27,4,5
39,8494.27,5271.3,7,4
41,3168.4,3504.37,7,3
25,1590.52,348.93,1,1
44,500.0,1744.95,0,2
30,2845.37,865.13,3,0
31,5373.18,1568.41,1,7
23,3607.02,1497.06,3,0
31,500.0,1675.08,5,3
45,7429.17,3520.37,9,4
31,4831.13,356.56,5,5
39,10358.7,4974.97,7,2
23,5625.56,1193.69,0,6
53,10722.55,4622.33,8,3
26,3969.87,277.94,1,0
44,18683.48,7780.39,16,3
41,4692.35,0.0,0,6
24,3971.62,848.36,0,0
22,612.61,811.73,0,1
37,6907.18,1267.99,2,6
34,10368.45,2547.0,9,3
52,8209.4,4397.17,6,3
26,1953.16,0.0,3,5
30,3910.15,2557.85,2,4
18,1134.76,2434.97,4,0
54,17396.86,5524.25,14,6
62,15666.23,6558.44,14,5
26,500.0,0.0,0,1
42,5971.39,342.3,3,6
30,1646.74,1898.35,2,0
51,15382.84,6511.44,12,3
30,500.0,1368.23,2,4
28,11586.88,3172.63,8,1
41,18900.3,6623.68,14,1
39,8589.94,2390.2,9,2
21,500.0,0.0,4,0
30,6850.2,833.22,0,4
44,3667.82,1126.07,4,6
18,701.61,858.21,2,2
26,1765.47,1586.69,1,0
42,5844.25,1463.59,7,6
54,18391.16,8259.14,13,4
18,3164.84,1845.81,4,6
24,1771.29,0.0,6,1
18,3820.28,659.19,5,1
20,6162.3,2010.75,0,0
45,7642.64,3919.26,8,1
24,6704.4,151.26,3,7
32,1712.13,652.38,1,2
23,5745.7,1247.79,4,5
28,2706.42,1341.41,6,0
29,7909.92,1595.08,8,3
24,7479.43,4043.64,8,2
38,4037.25,1133.29,0,0
27,3614.56,65.25,3,2
28,3104.98,1356.88,2,0
20,6935.76,1058.14,4,8
19,3919.26,2219.65,0,1
43,8063.56,3376.08,9,3
21,5028.02,2786.17,4,1
35,3824.32,934.57,1,0
31,6473.32,3385.23,8,3
30,6975.08,2117.77,3,3
57,11192.41,4081.18,6,3
18,500.0,0.0,0,1
54,15129.28,8900.06,16,2
40,9608.08,3354.09,10,2
21,500.0,2033.6,6,0
41,16355.67,8355.82,13,5
52,16586.94,7143.84,19,3
36,14860.33,6547.22,16,3
57,7318.9,1907.68,11,1
37,4374.87,851.97,1,6
37,4451.19,2472.91,4,5
51,14566.04,6943.42,14,3
18,3002.99,1428.12,1,6
18,1278.84,0.0,3,0
41,14406.67,7078.83,12,2
55,17351.15,7530.39,14,4
52,20643.09,7310.08,18,2
54,7168.06,1951.65,5,2
18,3265.77,990.33,4,3
19,4889.35,1512.65,3,0
45,9755.1,1992.96,6,2
25,8298.24,3506.81,6,2
47,15692.37,7751.54,15,4
33,1724.23,0.0,5,4
35,500.0,1528.92,0,2
52,15869.98,6724.13,14,4
42,5018.92,4136.47,3,5
42,4068.88,1729.98,3,0
26,500.0,921.0,2,2
32,3359.37,453.49,6,6
60,13878.24,5939.74,15,5
34,7857.88,2104.96,9,4
23,2385.34,2401.78,3,2
18,1519.44,484.09,0,1
18,3190.23,332.33,1,0
22,4002.29,1652.51,3,2
38,2715.56,0.0,3,2
39,9547.76,3564.87,9,5
46,8253.91,2885.86,9,0
21,8530.73,2529.31,8,2
22,4860.31,1903.26,0,5
38,10569.67,3853.07,6,4
38,9460.35,3759.25,12,2
40,7556.24,74.66,2,4
63,15024.82,6546.52,13,3
31,1364.95,1593.58,4,1
44,3460.38,1021.02,5,6
38,8593.89,28.13,3,4
43,9404.04,3866.44,7,0
21,8489.4,2875.48,8,2
60,17841.47,6491.27,13,3
50,18841.88,6790.71,12,2
33,4892.05,2318.62,3,5
25,7260.7,2349.46,5,4
56,16846.17,7666.75,16,1
30,2965.34,444.4,0,1
27,911.18,0.0,5,4
23,8807.07,4376.22,8,3
44,4070.92,1127.6,3,4
53,15552.83,5731.99,14,2
18,2128.8,1896.62,1,5
37,1773.95,160.66,0,1
18,912.62,1011.24,3,2
25,1763.54,889.6,1,1
48,17534.16,6946.89,17,3
23,1371.89,1686.6,2,0
36,6180.01,1817.07,3,4
51,17743.47,7603.91,11,3
54,15792.86,8579.74,15,5
50,18412.82,7924.05,13,1
38,7913.42,2630.2,8,3
34,3596.26,2008.79,3,6
25,500.0,626.24,7,0
55,12405.86,8057.77,16,1
58,14635.57,7164.14,14,4
36,955.69,0.0,0,3
32,550.43,120.75,2,0
22,1672.49,643.65,3,1
30,5790.09,1873.9,4,6
25,3247.19,0.0,0,2
50,8224.91,4306.24,6,3
34,11902.93,4238.74,7,2
44,7688.76,4519.52,7,2
39,3797.33,2214.07,4,6
48,16266.37,6795.85,10,2
33,10828.86,2492.13,6,5
32,4610.61,2459.83,5,0
49,17612.45,6914.06,9,3
49,15424.89,8388.09,11,2
61,16868.64,6294.28,13,4
22,500.0,1253.62,3,1
55,9840.4,4238.7,8,3
18,2044.72,1772.9,2,0
47,8728.06,4275.83,7,1
36,5335.77,257.16,0,4
27,4327.12,1742.54,4,7
39,6839.34,4872.88,6,3
40,8217.91,2705.67,11,1
55,16500.29,6307.28,15,3
25,5857.63,1370.82,5,6
50,5056.48,1171.6,5,7
42,8852.42,3703.73,9,2
22,3545.5,2026.66,3,0
43,8314.18,3587.11,7,2
26,6114.03,0.0,5,4
30,9024.68,3099.72,9,0
49,8469.58,3998.22,6,1
26,4029.95,2661.56,6,4
34,4037.46,1880.06,6,6
24,1521.07,438.49,4,2
32,500.0,593.37,2,2
24,7903.51,3676.84,10,3
26,1808.98,382.27,0,0
43,15638.34,6451.57,15,5
38,500.0,1429.48,4,2
32,2549.52,494.68,1,1
52,5868.21,4521.67,10,3
38,8552.15,4269.76,11,3
58,18490.17,7740.54,13,3
52,17347.09,6387.12,11,4
18,3006.85,929.46,1,1
29,2896.38,1835.94,0,2
44,7216.84,5034.55,5,3
23,5258.7,1131.02,2,4
36,3540.23,1679.19,0,7
21,4265.6,952.79,1,1
57,17425.09,7065.11,16,4
25,3763.53,0.0,0,3
27,4392.43,3445.99,9,4
42,3027.12,1050.38,0,3
48,6535.65,2489.61,2,5
28,3670.09,900.73,1,7
29,875.21,1398.93,3,3
56,15156.49,5479.42,14,4
27,1481.46,309.45,3,0
29,3200.1,0.0,2,5
50,2357.29,0.0,0,0
29,2506.13,849.55,1,1
36,4746.64,803.88,3,7
18,5474.61,1097.41,4,6
18,500.0,1641.56,4,2
23,9464.64,4106.3,2,2
50,19415.71,5556.02,15,3
25,500.0,1256.95,1,2
26,1871.48,164.82,4,2
34,4839.03,908.43,0,3
25,1938.23,780.22,0,1
42,5561.44,4193.5,9,1
56,16399.06,7210.36,14,4
36,3275.17,600.4,4,6
23,838.95,225.38,4,2
39,7603.89,5629.16,9,3
33,3823.8,2856.32,4,3
50,19635.59,6976.59,9,2
69,18043.99,8649.65,15,1
39,8332.29,3158.44,7,2
34,509.9,2962.57,1,0
33,9102.2,2685.25,7,2
24,500.0,1409.78,0,2
38,9646.23,4837.49,10,4
40,8920.03,2780.41,6,1
34,18064.89,6358.09,15,4
47,2882.92,1261.72,4,9
50,18518.43,7913.93,14,3
30,1438.53,819.88,3,0
34,3213.06,1738.96,2,6
33,7679.17,1910.17,2,6
28,3710.06,538.84,4,5
46,8914.94,4088.31,8,3
18,6551.6,1036.01,8,7
46,14923.89,7576.61,14,4
38,10416.16,3364.62,6,3
53,17457.99,8025.37,13,2
45,14493.92,6297.22,16,5
24,9978.34,5086.78,8,1
42,10273.15,2601.44,8,1
18,500.0,842.29,0,1
42,17569.68,7263.72,14,3
50,17271.82,7210.89,13,4
50,7987.06,4202.24,7,3
38,10889.15,3816.48,7,1
31,5525.71,819.85,1,7
36,4109.42,1451.11,0,1
38,4722.01,1361.01,4,6
21,2324.42,0.0,0,0
61,9911.6,4183.39,9,1
42,8624.15,3702.29,7,5
55,17327.61,8361.14,13,2
29,4394.11,1565.12,1,2
35,500.0,0.0,0,3
36,9193.89,4157.6,8,2
44,8081.64,0.0,3,6
32,8752.96,4305.84,9,2
30,4083.72,398.35,1,1
60,17358.84,7709.41,15,2
29,1206.7,886.2,0,1
24,500.0,1381.61,2,0
26,1678.14,1249.98,0,2
52,19165.82,5191.7,12,4
18,4408.79,0.0,5,1
18,5354.02,140.64,4,0
19,3153.55,1025.13,1,1
33,9195.69,3949.5,9,5
26,6037.47,4071.23,8,1
47,18824.38,6390.37,15,4
40,11302.09,4189.33,7,0
49,17975.25,7680.45,11,4
25,7395.08,1765.33,5,4
44,18341.54,7219.64,12,3
22,5172.92,1040.31,1,2
42,16675.94,7425.74,11,2
46,5919.68,3197.02,7,6
21,500.0,240.55,3,0
55,15843.55,8345.19,16,0
29,536.45,1854.08,0,1
37,10121.86,3832.0,13,2
39,3713.94,815.82,4,2
64,16109.74,7706.6,16,2
26,4647.52,1168.75,0,2
31,4599.23,450.47,5,4
43,4476.74,1328.01,6,5
35,6817.26,0.0,3,7
21,4500.72,447.07,2,6
41,15524.61,6792.74,16,4
45,2192.8,2232.39,4,5
53,13343.94,6231.6,17,4
39,8807.29,3434.94,6,1
58,16126.63,6998.76,19,1
36,12377.05,3378.97,5,2
34,8527.05,4725.95,8,0
56,17000.01,6045.28,15,3
24,1288.82,1877.27,3,1
37,7316.02,239.14,4,5
31,5169.93,0.0,1,6
31,6512.44,5799.48,5,2
39,7462.08,4716.41,6,2
60,17965.9,7313.82,14,2
42,18269.85,6617.94,14,3
27,2714.12,2046.12,2,0
52,10337.76,5067.87,4,3
20,4425.2,1716.57,5,2
41,10303.38,4519.54,6,4
53,15571.35,7253.96,13,3
43,9949.54,2293.52,7,3
28,794.14,1520.66,3,4
38,2104.32,1466.79,3,3
37,8129.98,4764.98,2,2
41,10689.25,4121.02,3,1
39,3630.3,1016.7,4,0
22,4457.3,0.0,8,5
40,2707.21,1278.93,7,7
29,1972.81,742.63,3,2
32,503.77,68.6,0,2
64,10337.35,2214.02,8,2
35,2411.83,1632.82,4,0
30,7116.15,4180.05,8,5
59,19635.73,7237.54,16,4
43,6608.83,352.95,5,7
59,15500.23,6983.15,17,2
18,635.97,2394.51,3,1
47,16018.05,7042.14,15,4
26,3236.72,1248.27,2,0
34,6134.64,29.58,4,5
35,2988.57,618.68,3,1
38,10234.34,4708.42,10,3
36,1367.22,1006.97,0,4
43,17854.74,6907.91,14,4
35,2422.52,1865.09,0,0
45,5547.83,1827.88,4,5
28,4246.59,965.19,1,1
25,9337.2,2965.21,9,6
28,2038.34,0.0,4,0
27,5390.39,2599.85,3,6
35,6530.68,1691.1,3,5
22,6843.02,0.0,5,4
36,7235.92,4270.42,5,3
41,4836.03,1546.05,8,5
35,500.0,1953.12,0,1
51,19291.97,6559.07,15,3
39,6146.29,1167.07,3,7
42,10055.71,4308.13,10,2
32,4132.63,856.24,6,0
48,17279.93,7436.57,11,3
42,18143.85,6621.69,12,2
42,10115.12,2707.75,6,2
46,11801.51,3596.75,7,3
34,13555.3,8547.33,13,2
68,16339.13,6160.3,11,2
34,500.0,1525.88,0,1
34,5998.16,4931.48,10,2
38,1300.83,797.16,4,4
32,638.85,1115.15,4,0
27,8476.52,679.98,2,5
34,4270.92,0.0,4,0
35,5212.7,1045.38,3,4
59,16869.79,6554.13,15,2
45,1950.86,3035.27,5,5
24,3206.5,1445.36,1,5
46,7894.5,3275.05,10,5
44,5475.02,587.38,4,6
27,1956.84,3292.1,0,6
27,11935.07,3326.19,7,3
49,12572.05,4990.03,8,2
24,4422.09,1338.55,3,1
53,7135.94,2208.13,10,3
61,16740.66,7317.0,13,2
27,500.0,1108.89,0,1
52,9087.41,1838.51,7,4
50,15033.96,7450.24,15,4
38,7395.07,1783.78,7,4
28,3031.31,1204.05,3,7
18,500.0,0.0,5,2
60,16539.22,8033.97,13,3
53,4756.49,3377.88,4,2
18,1987.05,452.87,5,2
45,18217.0,7636.21,13,2
53,16367.23,6410.55,14,3
18,1389.26,1355.54,3,1
55,7627.61,2379.93,7,4
38,7346.71,4731.36,8,5
59,14080.08,7740.78,9,2
30,891.14,2145.07,6,2
61,17354.64,7789.09,13,3
36,12266.49,4554.16,9,3
29,5981.46,1865.53,4,5
43,500.0,1267.93,0,1
46,8974.84,2050.18,11,3
32,8127.56,4259.92,5,4
25,5001.96,1354.48,0,0
32,19926.31,7292.7,14,3
18,2122.15,608.33,5,1
27,4401.98,1905.94,3,0
58,16994.54,7327.94,13,4
21,3175.16,541.67,3,3
28,915.23,1331.62,3,2
47,8883.52,3888.62,11,2
32,6066.2,673.5,2,5
51,19587.86,6850.59,14,5
35,8380.27,0.0,0,1
46,18192.54,6422.86,13,1
41,7573.58,365.7,3,5
54,16174.11,7393.97,15,3
40,9064.8,2733.27,6,3
61,17423.3,6573.2,13,5
35,7458.81,3748.34,5,1
65,16088.35,7123.55,13,2
35,7323.1,4002.92,2,5
37,4554.44,1636.43,3,1
53,16730.49,6908.19,16,5
28,4485.26,1391.86,4,5
36,4928.01,326.2,2,4
35,3139.37,542.87,1,1
57,16389.75,7613.1,14,3
44,8887.99,3162.93,7,2
44,11890.08,2791.55,7,1
43,3588.23,2130.29,3,6
51,15947.56,6948.04,10,4
46,18263.32,7845.27,13,5
39,6178.5,626.27,7,6
32,5662.15,327.27,6,4
69,17699.49,8141.84,12,0
37,7169.32,207.12,4,5
20,500.0,958.58,0,0
22,2913.11,832.18,1,0
33,10995.87,2982.18,9,4
62,15151.35,5853.79,16,2
32,1917.71,0.0,0,0
58,18614.71,6387.41,19,3
44,3038.14,1565.97,3,7
52,17629.75,8235.31,14,4
27,3125.45,1512.17,2,0
26,2043.15,1258.8,3,1
40,7619.81,5326.17,7,4
27,6835.47,528.25,6,4
37,2083.96,919.44,5,7
32,4877.18,1991.43,4,5
30,8667.67,4321.91,8,1
55,19473.18,7507.89,15,2
32,5622.8,1696.21,2,6
38,9247.52,3490.52,4,2
38,846.23,636.9,1,1
22,3223.71,0.0,0,1
48,9674.02,4487.04,6,2
35,4044.25,0.0,3,4
27,1838.87,1575.58,0,0
60,15693.46,6714.6,14,4
43,17384.13,6267.5,11,4
31,776.23,439.13,5,0
56,18273.74,4530.72,14,3
60,17008.28,7137.21,19,3
42,2840.78,153.3,5,0
23,2687.49,89.49,1,0
33,9046.43,2017.2,5,6
30,6117.02,1418.48,4,6
36,2879.61,1800.2,2,5
19,500.0,0.0,1,4
41,8091.68,2712.91,7,3
34,6795.29,3371.34,8,3
40,6691.94,3205.05,8,4
20,683.31,2758.18,0,0
32,3775.05,2160.8,5,5
36,6843.84,2681.86,8,1
49,15089.62,6716.12,15,2
32,6568.14,1250.31,4,4
42,11146.45,3200.11,8,4
62,13595.45,7057.95,10,3
30,4520.61,1462.68,4,5
34,3866.42,3345.68,4,0
27,2653.24,3038.1,1,7
40,9204.34,3928.45,7,2
31,4672.07,839.81,5,5
44,7353.11,3009.44,3,2
25,4263.75,3019.8,4,6
29,3010.4,1562.42,2,7
36,5896.06,0.0,4,6
43,9214.19,3603.46,7,0
27,500.0,93.72,0,0
45,7671.23,2464.32,11,2
22,5255.59,0.0,3,2
36,8406.06,2344.54,6,3
26,3026.12,1013.85,6,1
30,9422.93,4046.21,9,2
63,17156.39,6897.8,9,2
50,17199.92,8266.71,14,1
37,7575.49,3525.56,8,0
52,10802.71,3736.22,6,4
30,3203.14,2425.71,4,0
57,17066.1,8438.54,16,4
50,6706.82,3077.3,7,1
19,2686.21,1945.76,3,1
26,3657.41,4322.74,6,0
18,500.0,0.0,1,1
42,17686.17,8380.71,16,3
47,11952.77,3193.22,7,3
18,1030.5,842.54,2,1
29,3980.21,1490.51,2,0
32,1090.86,189.16,3,2
40,6551.42,4875.66,9,3
47,8861.3,3821.64,8,1
35,8448.06,3313.89,3,3
25,3687.78,1641.44,2,6
53,18307.24,6863.8,13,6
31,8830.63,3300.78,9,2
50,19468.77,6188.2,12,3
50,16777.46,5834.05,14,4
59,16493.84,6319.82,12,2
26,2609.23,1120.33,2,5
22,1839.03,0.0,1,1
48,10966.09,3114.82,7,3
38,7353.27,4730.42,9,3
39,11317.68,2986.94,9,5
34,9544.48,4335.42,6,2
38,9079.49,4717.73,7,3
45,14489.8,8349.13,16,4
47,7642.36,4136.85,3,2
48,7562.82,1914.32,0,5
28,500.0,14.91,2,1
34,957.2,0.0,1,0
46,8444.63,4264.8,9,4
46,7023.45,4455.11,9,3
57,19223.14,6696.23,10,3
53,15634.48,7369.13,12,3
34,4635.1,4010.55,5,3
52,16139.46,7890.12,12,4
50,17768.97,7553.32,15,3
50,5133.24,2007.56,4,5
33,7853.38,3326.11,6,2
42,7004.48,4239.34,10,4
28,2012.4,455.96,3,2
38,8689.51,2319.99,7,3
18,1962.99,1411.49,2,0
39,3531.14,2337.56,5,6
38,6434.32,0.0,6,5
30,7204.15,0.0,0,0
50,8605.88,2204.23,8,1
61,19964.23,7759.83,14,0
22,4183.01,537.45,3,5
61,17499.03,6129.66,15,3
41,8161.78,1515.58,8,3
19,2861.92,0.0,2,0
38,3526.1,1165.38,6,6
27,3149.79,906.87,2,2
36,5300.83,1103.58,3,4
49,19107.96,6663.85,16,3
41,4374.66,3140.03,4,5
53,12436.06,7176.27,14,5
31,5284.36,2211.68,4,8
48,8402.3,2993.37,8,2
19,2156.96,659.5,2,1
47,16559.37,7293.32,15,3
37,1523.99,1108.66,1,2
34,8773.54,2594.34,5,1
34,3643.13,207.3,6,5
26,6052.44,1934.75,3,7
27,4304.66,354.59,2,1
41,11946.31,4902.15,9,4
33,2803.06,1714.27,4,2
40,715.69,574.74,2,1
41,7357.39,1204.5,1,7
55,19208.34,6860.61,13,2
33,6125.4,947.15,3,5
28,11669.4,4045.38,8,0
36,9565.24,1645.96,3,0
43,4544.78,2767.78,2,3
41,10867.86,2126.89,8,4
18,845.46,1337.26,1,1
38,10250.8,1757.44,8,2
39,14587.06,6195.74,17,3
47,1664.59,0.0,0,1
18,1685.83,148.34,3,2
46,8166.1,3188.71,10,3
31,3821.5,5425.64,9,3
47,6950.98,3941.34,9,2
38,8878.8,4506.17,8,5
31,2851.91,992.68,1,3
51,4082.72,0.0,5,7
38,5494.05,781.25,1,5
56,17681.54,7071.74,11,1
29,702.77,305.84,2,0
28,4251.02,1777.12,4,5
28,1621.79,442.2,2,1
27,9629.59,3355.96,6,3
42,8637.57,3015.32,9,4
38,5066.7,0.0,4,6
48,19482.97,8081.61,11,0
48,5788.29,1562.3,5,3
26,1055.79,363.54,0,4
28,5053.91,813.88,3,0
37,10348.55,3843.78,7,2
25,1286.25,1278.94,5,0
55,15863.56,6133.38,13,3
37,9946.24,4100.34,10,2
52,20316.68,5874.5,16,3
25,7345.82,3127.32,8,0
18,500.0,607.2,4,1
53,16652.37,7001.75,15,2
31,4816.01,3176.76,3,2
25,2211.93,1217.83,5,0
43,1346.65,720.78,1,0
33,1179.63,1688.37,3,1
42,1204.27,382.29,0,3
18,1342.03,3316.53,0,0
24,4482.38,1507.19,0,5
53,18908.12,7968.12,13,3
39,500.0,0.0,0,1
18,1170.84,182.72,2,1
39,5887.76,3844.13,3,4
48,17590.31,6635.94,18,3
38,3122.37,264.97,1,2
36,6530.83,1502.94,7,4
38,8012.9,4066.56,5,1
46,17597.08,7883.36,11,6
46,12625.16,7657.89,14,2
31,7694.04,779.79,1,4
44,6535.28,4086.72,9,2
22,2325.72,469.86,1,1
26,5613.56,666.61,4,6
40,8535.44,2963.86,7,3
18,500.0,1410.05,1,1
42,8406.92,1985.21,2,6
44,9408.62,2027.6,5,7
41,5657.51,1223.23,0,5
20,970.89,622.88,3,1
18,3653.89,2593.62,0,2
32,8511.52,2958.81,6,3
39,4009.26,3365.45,6,5
35,1782.0,3123.48,0,3
31,4887.64,1697.67,6,5
24,6453.64,2013.11,5,4
31,7724.9,4361.37,9,1
22,3846.68,1851.9,3,5
47,17165.23,7503.94,14,3
61,18565.75,7411.91,13,3
24,2887.59,1973.91,6,6
47,8166.05,3379.14,5,0
25,3652.1,1461.17,3,0
32,6078.1,3962.0,9,6
57,14640.89,6010.67,13,4
46,7410.07,1944.7,10,3
50,3878.34,927.4,6,3
23,1967.85,1158.1,3,1
23,1948.44,1259.79,3,2
46,5500.8,1853.39,10,2
18,5872.41,1645.64,1,2
48,17930.07,7219.71,14,3
35,18427.56,8127.82,18,4
29,5241.83,0.0,6,7
52,7001.84,4723.47,6,2
40,4113.91,1430.74,5,6
34,7744.69,1627.08,8,2
37,4533.01,833.95,2,6
30,1918.93,1362.32,3,2
25,4699.71,2887.48,4,4
35,8118.76,871.09,5,5
63,17095.81,5663.54,14,3
57,15735.85,8418.17,14,4
38,6137.69,3.32,5,4
51,14369.68,5257.79,13,5
49,9236.25,4937.55,6,1
24,3737.02,1886.56,0,4
24,8204.4,4302.03,7,3
29,5320.26,3446.56,2,6
63,14985.27,6612.28,17,1
34,3103.55,1113.82,4,5
51,9098.51,2702.06,7,1
61,18306.92,6138.26,15,3
35,8837.43,3873.86,3,3
35,500.0,0.0,3,2
28,500.0,892.07,3,2
35,9572.01,3990.48,7,3
25,3770.28,1478.88,6,5
23,1088.62,75.78,2,4
18,5556.46,1501.24,6,5
34,18455.6,6114.24,13,4
18,3785.93,1216.07,3,3
46,11198.75,3932.22,6,3
18,3477.37,1633.01,1,0
38,500.0,822.26,1,0
29,7816.65,1254.41,4,5
54,9205.8,4532.32,7,0
37,5537.69,1132.33,3,6
22,6523.34,3808.57,10,1
19,500.0,3819.26,3,7
23,1519.85,1664.62,1,0
55,16470.34,6168.58,17,4
35,6349.03,3157.43,7,3
38,5236.22,858.19,5,5
63,18054.12,8805.01,13,2
36,8234.82,4224.2,7,4
30,3470.0,835.55,2,2
53,9573.67,4591.18,5,6
33,7510.03,5343.22,7,3
29,6551.92,5082.81,11,3
32,6353.94,1398.74,4,5
42,8287.65,2943.98,9,1
37,1300.51,212.86,4,0
40,20670.01,6488.63,14,5
18,3306.62,0.0,6,0
35,2813.68,899.59,0,1
56,16516.21,6285.04,15,2
41,18449.36,6300.77,16,3
40,2360.71,1271.67,1,1
42,17818.5,6529.36,16,2
28,4254.35,990.48,7,4
46,6439.14,2198.69,4,6
32,9167.68,3236.26,9,3
41,9995.38,2524.16,6,2
28,1220.81,1127.05,4,0
41,5920.47,2787.92,8,2
18,3493.42,202.19,0,1
45,7538.61,1394.26,9,2
31,1927.8,3771.07,1,0
57,19301.54,7096.8,13,3
38,5503.89,2049.89,6,5
41,2336.42,3728.81,4,4
66,16517.69,7569.78,16,2
39,16376.11,7027.42,14,2
44,17505.1,7347.22,12,4
24,500.0,658.3,2,4
18,3100.12,1261.48,4,0
72,16142.14,8003.82,13,3
22,4169.47,456.01,1,1
35,9217.88,4187.61,5,1
38,10869.63,2280.59,8,1
28,6294.34,1810.15,5,4
32,6211.17,1751.04,3,6
32,8309.4,3091.02,9,0
30,611.81,0.0,4,1
50,19017.56,7971.88,15,4
59,14044.49,6340.3,14,5
36,10100.75,3090.83,7,2
57,16352.15,7162.25,11,4
25,1057.6,2085.42,4,1
37,8775.4,2424.73,7,3
40,8266.05,2688.44,9,2
51,18509.52,5412.49,16,2
41,1618.8,2001.03,5,1
42,11182.09,3590.94,4,2
18,500.0,2072.61,7,1
26,3623.6,1376.79,2,3
39,7717.1,3391.2,7,2
34,500.0,2754.38,2,0
28,7622.8,2662.37,8,3
18,2590.53,772.28,3,2
32,6528.92,3728.58,8,1
23,500.0,1442.54,0,3
30,2818.62,1964.24,0,0
47,15763.82,6515.61,12,4
26,3762.35,2267.19,5,0
42,17330.75,6388.05,15,4
32,500.0,1620.26,5,0
25,500.0,1769.98,3,2
18,3696.09,717.24,5,1
44,6933.37,2901.84,10,2
41,15492.12,7065.05,13,3
40,11212.05,2954.36,4,2
58,16625.59,8036.84,12,5
43,500.0,0.0,2,0
25,500.0,0.0,3,0
52,13998.57,7897.96,16,1
40,4268.94,0.0,4,4
32,10888.92,4021.33,5,2
36,5931.94,1819.87,0,5
28,6601.99,3910.47,8,1
38,5848.56,1328.87,2,7
34,8400.08,3335.41,9,3
23,8843.32,5501.67,10,5
27,600.34,375.16,6,2
41,15635.74,8093.29,15,5
29,1951.74,1881.01,5,0
35,9809.52,2961.39,8,2
40,6423.7,2679.58,7,2
18,7851.05,4934.7,14,2
45,3784.6,2705.56,2,6
53,15975.75,7077.56,13,4
49,9290.37,4536.07,10,4
40,16869.04,6088.1,13,4
18,1598.0,0.0,5,0
37,9387.44,4206.05,10,3
48,3950.01,2107.8,4,6
34,500.0,0.0,2,0
18,2804.76,1368.96,10,1
39,7326.18,3908.63,7,1
51,18946.63,7351.34,16,2
31,3985.8,827.21,0,2
58,17410.33,6356.19,13,2
19,500.0,830.97,1,0
38,5175.73,529.49,0,0
37,10173.09,3547.22,3,3
45,17410.81,6630.84,14,3
51,18082.25,7009.25,14,3
32,5880.97,0.0,0,1
31,500.0,743.43,3,0
54,8456.07,3574.31,6,1
30,8299.6,5136.87,10,2
28,1471.92,1229.45,4,0
55,6117.21,3457.6,7,1
53,15449.65,6290.96,16,1
40,10193.01,4348.41,9,4
30,16233.85,6601.93,13,4
29,500.0,2134.52,3,0
33,1440.78,0.0,3,1
32,4796.92,582.22,0,5
34,9108.28,4876.25,5,3
68,19371.39,7817.65,14,5
35,8047.92,2123.09,7,3
46,19470.33,7705.35,13,2
28,9853.03,3448.57,7,1
36,10100.46,3673.26,5,4
43,8487.09,3691.16,7,3
20,2801.08,2179.33,1,0
40,10628.82,3293.23,2,1
24,2651.12,0.0,0,0
56,16651.29,7548.76,15,5
26,5229.99,469.17,1,4
42,6566.38,3188.14,4,3
39,6713.86,4586.38,7,2
21,895.56,243.05,1,3
23,4908.86,0.0,6,6
43,6983.74,3813.96,8,2
25,1560.08,1057.27,0,1
31,6417.46,2245.57,4,6
48,7672.67,4428.8,4,3
37,4199.4,285.56,7,4
18,5371.37,433.58,3,5
35,7055.01,4184.0,6,5
21,4657.37,2044.25,4,5
46,17113.2,5564.88,18,4
61,15662.9,8038.7,17,3
51,14354.63,6656.41,13,3
23,5113.36,1074.76,4,5
18,1076.23,655.78,0,0
56,17572.06,6217.82,13,3
18,2369.91,3439.51,3,3
24,3463.59,300.27,6,3
31,1634.97,491.03,3,3
50,8563.46,3229.29,11,4
53,17449.58,7589.75,12,2
74,16776.65,7470.29,14,3
33,6072.14,1131.81,5,3
36,6796.2,3922.71,7,2
56,18428.84,7085.39,18,3
40,9725.17,2665.65,10,3
53,16927.69,6261.1,13,3
20,3458.69,986.75,0,1
34,6638.57,1282.96,5,5
38,7482.94,3318.56,9,2
38,7071.85,3685.94,5,2
35,9573.88,4883.42,8,3
25,7496.7,1960.35,4,6
45,5278.7,1916.35,1,5
35,3219.71,2180.94,5,5
50,20704.28,6530.46,17,5
30,4094.55,1464.02,0,1
35,7378.04,1279.3,0,7
44,11367.93,4509.23,10,4
33,10947.35,4526.31,9,2
37,4434.29,1911.69,0,4
36,1576.46,2630.34,6,1
42,5359.58,1217.65,0,6
49,14746.38,6738.59,14,2
19,1003.61,1286.6,3,3
35,6790.46,3166.87,8,0
41,10823.95,4405.98,11,1
45,6347.16,2554.16,4,2
22,2620.16,1947.82,1,1
25,7531.73,0.0,8,6
46,7040.78,2396.97,6,3
41,8432.9,3730.15,9,3
40,4149.28,2918.11,4,5
22,3475.98,1791.59,3,3
51,15551.99,6412.38,13,1
32,9475.21,3061.91,8,2
47,6044.01,2889.76,8,1
24,3871.43,764.27,0,2
44,4418.49,809.61,4,6
43,6661.82,5163.27,7,3
35,5248.83,1607.09,3,5
18,4120.4,686.44,6,0
53,18657.98,7215.05,14,4
31,1067.64,892.85,0,0
52,17666.75,5328.2,16,3
56,17627.74,7312.63,17,3
18,3212.74,972.86,1,2
59,17961.9,7431.83,16,4
57,15327.63,7408.54,15,3
55,15903.1,8212.57,9,0
21,1147.87,843.41,1,1
35,9346.28,3105.55,6,4
43,6891.29,3519.05,6,1
49,17791.37,5785.06,11,2
36,6317.87,3809.34,7,5
26,2813.24,2037.25,2,2
47,9088.64,3651.54,6,2
37,7738.32,3689.17,7,1
50,18144.87,7918.84,14,2
32,4186.15,2215.32,1,3
43,14990.64,7376.5,14,3
57,19991.91,7909.23,16,3
54,16585.39,5691.14,13,2
18,1492.11,0.0,0,2
29,17554.99,6837.79,11,2
18,500.0,1618.81,2,0
29,3936.13,761.2,2,0
41,8613.28,5424.69,8,4
46,7083.35,2569.4,7,3
29,10495.17,5384.95,11,1
46,7320.55,2867.2,5,2
31,8553.83,5005.34,7,4
53,4846.51,1689.19,3,6
42,10797.49,3048.77,6,2
44,4522.42,4584.82,9,1
47,8228.53,2984.2,8,2
34,500.0,300.6,0,2
47,6147.53,1725.84,5,4
45,14055.88,8401.2,13,1
42,4912.94,876.69,1,5
24,1708.51,213.27,3,2
34,6629.77,3311.21,7,1
62,17058.43,7127.18,13,4
46,6054.01,4196.15,9,2
49,16261.06,6645.82,17,4
25,7052.14,1595.06,3,6
18,2755.04,372.99,4,2
53,5695.21,3545.58,7,2
32,500.0,266.85,4,2
29,500.0,212.4,1,4
34,10658.66,4236.71,4,3
23,854.5,1018.0,4,0
44,7652.8,3521.8,7,2
19,1093.91,496.81,0,2
35,7254.35,869.98,2,5
47,11851.86,3608.96,8,2
47,16219.16,6817.26,15,3
21,500.0,0.0,2,0
34,5154.33,4682.82,8,1
31,4490.77,1235.53,4,1
34,3335.42,3527.13,0,1
45,5388.25,1371.22,3,5
41,6499.36,3723.83,7,3
26,2578.24,966.4,2,0
63,18244.06,6565.08,14,4
57,17784.73,6188.43,13,5
32,3805.34,507.62,4,7
43,11615.59,3611.26,6,3
57,17396.07,5183.42,15,3
49,18275.21,7121.21,12,2
35,2970.69,1554.85,3,5
35,4281.19,2092.31,8,6
48,8338.9,2348.87,6,3
18,500.0,418.8,0,2
64,15629.02,6927.89,13,3
50,9964.52,2099.61,6,3
50,15097.52,6653.42,18,3
56,18045.44,7665.67,14,3
40,7851.73,1157.03,8,4
40,6449.67,1104.27,9,2
46,6610.3,4375.63,6,0
32,3278.2,1929.01,5,6
31,3335.52,1994.66,6,0
30,3135.7,1771.92,2,3
63,18376.05,5359.28,17,4
54,17486.83,7006.76,13,1
53,8206.95,2401.47,8,2
29,2856.58,1257.43,3,4
48,14898.78,7708.66,17,2
61,14131.11,6516.51,10,5
27,5047.2,1745.29,4,1
38,4741.19,606.76,2,1
34,5375.12,1637.03,0,7
34,500.0,0.0,1,4
19,4100.54,1969.32,6,6
18,4224.85,1177.46,2,0
25,4509.79,2485.91,0,4
37,8820.14,4602.82,2,4
45,9070.2,2515.44,9,3
51,14058.23,8540.64,15,1
61,17376.03,7307.25,15,2
18,2574.98,209.76,3,2
27,1251.86,0.0,0,2
38,500.0,0.0,3,4
38,1531.86,1044.25,3,0
36,6871.82,3081.52,8,1
20,2737.54,2281.01,1,0
50,14992.69,6233.19,16,2
43,10319.84,2280.35,8,0
46,7650.63,4508.59,9,0
50,9222.71,3318.08,11,4
50,19771.27,8067.86,17,2
55,19817.45,7225.04,15,3
19,907.71,1342.65,4,4
41,6568.31,1378.71,2,5
38,4340.04,1237.97,3,4
52,15676.26,5787.82,14,2
34,3026.1,1470.33,1,7
30,7575.42,3971.18,6,2
50,11919.0,7400.78,15,2
55,14837.55,7815.64,12,3
54,20992.11,7191.6,10,1
39,500.0,313.58,1,2
18,4070.91,0.0,2,1
30,7043.15,1263.97,5,4
48,7988.63,3621.58,4,3
37,2281.85,947.83,1,3
20,4440.28,0.0,3,5
33,3348.92,2227.64,1,5
64,16761.48,7409.65,14,2
32,4974.58,897.61,2,5
25,568.22,1504.45,0,2
19,500.0,1094.83,2,0
57,14739.12,6865.97,13,4
18,2012.85,1446.78,2,0
22,500.0,0.0,5,3
32,2563.64,0.0,5,5
18,7836.97,0.0,6,4
60,15464.9,6945.38,15,3
60,16626.63,6728.0,13,3
23,500.0,477.84,3,0
28,500.0,1134.73,2,2
23,3933.46,1048.21,3,0
62,6369.92,2627.79,6,1
18,5508.13,2160.31,1,6
38,14654.03,6890.94,13,4
33,3228.76,1298.15,5,0
22,4441.65,0.0,3,2
44,5584.73,825.82,3,5
21,7956.42,3962.1,8,2
41,9294.45,2136.41,8,2
26,6946.91,298.78,4,4
19,2637.98,0.0,0,1
24,4909.5,754.95,5,4
27,1717.15,1297.76,3,0
27,500.0,1121.77,3,0
26,5779.85,1487.88,5,4
34,7829.1,3901.67,6,2
45,18675.87,7342.3,10,4
45,8606.06,2933.86,9,3
33,5874.11,5511.59,6,2
45,3086.23,746.03,1,5
25,5349.53,0.0,4,7
57,17630.56,7960.47,12,2
18,500.0,493.27,2,1
21,1683.64,0.0,5,2
18,500.0,333.38,0,1
51,19063.1,7239.02,15,5
28,11288.72,2384.26,7,2
34,3804.29,467.98,4,0
38,6566.94,1700.89,4,7
19,3451.07,2972.92,4,5
46,18103.16,7337.49,15,2
55,8667.23,4571.77,11,4
53,18289.67,7131.3,14,2
60,14843.91,7107.35,13,3
27,1381.67,787.35,0,1
56,17256.26,7223.01,12,2
34,5778.21,4014.21,7,0
24,7069.17,1211.62,5,5
42,6856.02,2480.18,9,3
18,711.42,594.42,3,0
34,19417.22,6915.36,11,2
41,17688.82,6770.54,11,5
25,3444.83,989.13,3,0
42,15686.7,7663.84,15,5
35,2834.25,972.92,3,2
55,18395.31,6648.11,17,4
38,8810.86,3473.14,9,3
49,14775.81,7325.88,13,3
29,10017.25,2302.59,7,2
50,16897.65,7905.66,14,4
58,15230.83,7381.79,16,2
31,724.0,571.83,1,3
23,1002.35,1027.17,5,1
26,8365.34,2272.62,4,5
28,1300.17,0.0,4,7
23,3718.17,2696.09,6,5
36,5257.29,971.68,3,3
24,2514.56,107.33,1,1
41,6384.08,4532.28,9,1
50,14892.43,7673.02,15,5
31,1219.55,513.3,7,0
18,4960.26,995.77,3,0
32,1348.77,1057.45,4,4
31,1602.19,1663.89,3,1
28,3743.77,520.48,3,5
23,7727.67,3559.34,8,2
26,500.0,405.07,1,1
21,1111.53,397.48,4,1
61,18717.58,7394.7,11,2
28,6224.91,1910.36,1,5
27,500.0,204.77,5,0
26,500.0,1639.89,3,1
32,500.0,368.17,3,3
20,5576.15,913.93,5,8
48,5691.86,4528.73,8,3
42,8006.52,2809.62,5,1
57,18192.04,8062.95,14,3
31,1047.79,1950.86,1,0
31,6697.75,941.69,5,7
56,15393.27,7845.72,12,2
45,15080.88,6429.25,14,2
56,18898.67,6558.91,15,3
49,15427.9,7229.69,14,3
25,2522.48,1399.58,4,2
55,14944.39,8304.66,16,3
36,8692.99,3915.39,6,1
22,1655.97,466.37,4,1
52,11530.6,2930.85,9,0
18,1568.27,891.68,3,0
18,748.51,1016.76,0,0
51,18136.72,8090.88,11,3
32,10572.71,4061.24,7,2
38,500.0,1767.41,4,2
34,500.0,0.0,4,0
24,1111.86,1105.22,0,0
36,4893.18,1072.13,5,5
21,3662.94,0.0,1,2
36,3996.46,676.25,5,6
31,1297.8,979.88,0,1
26,2083.18,1531.89,4,5
30,3930.59,962.09,0,1
59,14806.71,6464.6,14,1
38,9123.82,4403.81,7,2
52,17894.08,8705.52,12,4
28,8414.6,5374.18,10,5
64,14122.49,7180.33,11,2
47,6788.9,4888.04,7,2
19,7712.42,1446.66,4,4
33,8558.83,4135.01,7,1
58,17772.36,5844.2,12,3
32,5268.4,1561.63,2,4
30,5509.32,1752.51,5,5
35,500.0,1329.87,4,2
25,2552.39,170.88,1,4
30,3100.28,56.42,5,1
53,16805.75,7390.61,15,4
34,4246.35,1120.42,4,5
22,4616.19,329.22,4,2
40,1185.22,0.0,3,2
43,1286.26,1421.59,5,7
37,3848.91,0.0,2,1
21,1024.53,2242.84,0,2
43,8868.84,2270.73,1,6
18,1779.89,807.0,2,1
31,1751.25,0.0,5,1
77,16340.87,7990.62,10,4
25,1696.77,1932.28,4,1
26,500.0,0.0,1,0
33,5331.37,1759.59,3,5
40,17300.08,7766.07,20,3
37,5195.78,1616.72,5,6
53,17068.48,8568.71,17,3
24,1906.27,1782.48,3,2
51,16923.7,6661.07,13,4
27,1560.9,1964.21,2,1
36,9118.11,4193.83,8,4
35,4620.07,1316.88,6,4
29,2350.37,1093.51,0,1
49,16070.94,7934.22,13,3
49,17962.93,6964.38,13,3
45,7829.55,4013.47,9,0
43,16684.48,6215.83,14,3
22,1174.96,699.02,1,2
18,3392.75,2578.34,2,1
31,3863.61,879.91,3,0
25,5533.91,97.89,4,5
20,500.0,275.91,0,0
37,8657.82,1991.24,6,2
36,8806.23,2970.19,6,1
23,1783.21,499.39,1,2
50,7064.46,4397.2,8,4
38,3555.63,441.07,1,4
35,2137.92,1167.96,1,6
58,14920.92,6306.8,13,3
50,18505.04,8282.66,15,2
44,15849.14,6431.03,15,2
38,3314.29,1581.64,3,6
34,9322.97,3997.58,8,0
37,10049.28,4468.77,8,4
48,7680.14,2138.2,3,5
24,1899.05,135.34,0,2
23,656.82,471.18,6,2
25,500.0,1485.52,4,2
36,2066.56,1817.1,1,0
42,9189.18,3205.14,4,3
35,7107.36,1431.48,3,5
43,5657.89,529.07,3,5
63,18698.32,6761.51,16,3
56,16571.6,9132.39,10,1
28,8543.86,3713.93,8,0
39,2011.58,0.0,5,0
26,1012.66,973.58,3,1
34,9547.25,5236.77,5,2
55,17662.36,6022.59,13,4
46,18079.61,6654.38,15,3
33,7934.92,3057.25,9,2
32,8139.53,784.34,3,6
55,14546.66,4969.38,15,4
46,8730.28,3408.17,8,3
26,6299.97,903.39,2,4
21,5388.14,8.48,5,6
44,11152.92,2647.66,8,2
35,2351.22,317.48,0,1
25,8575.42,3929.8,9,4
31,4151.07,180.72,5,6
26,3377.39,1621.24,7,5
35,16377.2,5972.32,16,4
21,9432.26,4534.88,6,1
23,1638.3,1232.49,0,1
18,2600.08,377.07,3,1
45,5105.61,1292.47,3,4
32,2395.84,2338.26,0,1
19,500.0,0.0,3,0
39,7719.71,2730.38,5,2
21,1611.06,1222.63,1,2
18,3493.28,156.96,3,2
39,9927.16,3100.4,6,2
24,7626.33,2184.81,5,1
36,8104.92,4050.94,9,2
23,5751.42,2838.72,6,5
53,16620.8,6568.03,14,3
51,16576.26,6302.22,12,4
54,8539.97,3876.8,8,3
44,1824.99,1000.54,6,7
40,17841.2,6557.28,13,2
39,3790.16,0.0,3,5
59,6979.1,3485.12,9,0
47,7442.27,4997.56,2,3
46,8946.76,2724.35,9,3
51,15170.9,5450.81,17,3
36,1914.6,189.9,3,0
48,8888.75,3820.15,8,2
30,7568.81,4175.32,10,1
27,2260.94,1527.63,3,1
39,6175.96,1941.59,5,4
30,6043.13,3309.48,7,2
25,3456.43,1344.9,0,1
47,5727.82,1121.45,6,6
30,6454.12,3149.91,9,2
23,3759.57,1698.75,3,2
66,14002.63,7057.89,12,2
26,6953.91,1508.45,1,1
50,16663.63,6738.16,14,2
19,5303.65,0.0,2,5
41,8158.83,4395.55,10,3
22,2850.52,1831.3,1,2
25,3544.75,1355.55,2,3
32,9728.23,2973.78,4,3
18,2633.72,2118.32,1,2
37,8665.73,4178.59,8,4
31,4736.37,988.54,3,7
27,3833.86,2268.87,2,1
21,3211.08,762.5,3,2
25,4385.32,1349.93,1,2
19,5585.12,815.25,4,3
24,1717.85,811.27,0,2
38,4846.3,0.0,2,7
37,7357.81,2228.13,1,4
37,8341.83,2496.95,6,3
37,7465.77,3762.28,6,2
45,7136.59,1367.76,5,4
34,5806.41,0.0,1,3
26,1292.48,677.9,0,1
34,2322.08,1111.93,2,2
25,2593.81,2005.95,0,1
37,15158.85,6171.4,17,2
53,18473.03,8307.13,13,4
22,833.81,423.27,0,3
49,10192.98,3717.63,6,3
36,6754.46,593.84,0,5
26,1004.52,1268.96,3,0
47,4482.5,3379.68,4,3
51,13446.04,6089.37,16,5
40,11469.41,3081.51,8,1
58,16495.45,8563.91,12,4
18,5265.25,0.0,1,0
20,2010.88,388.66,0,3
18,1735.65,135.03,3,1
42,10816.38,3422.99,9,2
25,8390.17,2999.23,6,2
52,9298.28,3387.59,10,2
48,5865.69,2737.32,8,4
20,6162.97,4339.1,11,2
28,6376.7,1291.14,5,3
52,14601.32,7060.21,9,3
53,17819.11,6888.05,11,2
27,8630.93,5228.62,5,3
26,1835.85,0.0,0,1
26,1851.79,597.3,0,1
32,3494.61,1740.3,1,5
33,1398.84,1139.6,5,1
42,5061.75,2640.01,5,6
51,15292.46,8613.33,16,0
26,4699.57,1575.14,3,6
45,7068.9,4287.84,6,5
54,15964.44,7907.52,14,2
27,4111.41,2685.58,3,2
32,11643.94,3751.8,5,1
35,1410.99,2162.3,0,1
47,17975.4,7626.76,12,5
51,6540.37,2995.71,11,3
67,16017.03,7672.31,15,5
55,15716.42,7108.07,16,2
18,5409.54,903.69,2,3
36,8227.37,4544.83,9,4
64,20301.71,7097.56,13,3
49,8235.72,3341.15,7,1
34,6165.12,1545.45,3,6
18,2587.79,733.81,1,0
52,15691.42,5219.93,17,3
24,500.0,550.41,3,0
18,1222.23,0.0,3,0
27,776.3,686.94,0,2
40,8417.71,5203.27,5,4
52,9997.23,4615.39,3,3
41,4614.74,4630.25,9,1
47,3936.88,257.44,5,3
65,18415.96,7894.76,13,3
30,2250.63,0.0,6,0
18,4105.19,948.43,2,1
40,3061.29,719.68,6,0
48,17228.59,4984.66,15,3
18,3254.36,2061.03,3,3
50,14481.32,7347.46,12,2
21,2396.55,1455.36,5,3
22,7841.67,4427.67,5,2
47,7394.82,3432.63,8,1
55,20701.55,7110.97,16,4
40,828.12,1071.17,0,2
18,993.68,1452.94,4,1
63,17340.05,6301.62,14,4
27,5839.16,1556.37,6,3
28,1927.49,1381.42,7,6
57,16064.01,7339.49,14,1
36,5164.62,811.61,6,4
61,17279.09,6622.33,14,3
18,4672.36,2373.13,3,1
54,14646.89,5835.55,13,4
32,2055.88,2147.67,2,1
28,7681.3,3282.87,11,3
23,2680.02,587.17,3,7
20,4011.76,0.0,0,2
63,18372.51,8611.24,13,3
36,10090.73,4220.12,9,3
59,15188.37,7082.45,15,4
40,16095.12,7298.03,13,5
38,11028.64,5366.54,6,3
55,6533.35,0.0,3,6
18,3170.27,562.21,2,1
38,13834.9,7661.83,15,3
57,16330.96,7434.86,13,1
50,19129.53,6870.59,14,3
46,16959.78,7007.76,16,2
42,6997.36,4178.55,8,2
41,7722.69,5028.23,4,1
43,6142.84,2516.42,4,6
35,1226.3,1722.15,4,0
18,500.0,1258.39,0,2
53,15202.71,6674.4,15,3
22,3039.48,3019.72,3,3
39,5737.83,0.0,1,4
63,9618.41,2888.31,6,4
30,500.0,2162.22,3,0
49,19799.5,6013.45,13,4
30,7212.48,180.55,3,4
35,3430.18,0.0,1,5
35,5075.93,1188.54,4,4
56,16660.48,8200.33,14,3
54,17506.97,7562.04,15,2
18,6364.7,2672.26,3,1
35,2578.21,3565.08,0,0
25,5664.2,2931.47,8,2
35,4335.5,1480.32,4,7
37,6201.1,4767.2,11,3
57,17679.17,6572.74,15,4
60,15399.27,9220.01,11,5
53,18956.1,5693.39,17,2
51,18164.35,7911.06,13,2
43,8113.12,3445.67,12,2
60,17577.6,6780.93,13,3
48,5871.92,0.0,0,6
24,3176.82,1099.56,0,2
24,761.58,2255.16,6,7
46,5469.74,3080.21,11,3
19,500.0,1108.74,2,0
24,500.0,563.02,3,3
18,4203.43,259.71,5,1
27,3761.17,1323.11,3,4
30,1438.11,0.0,0,0
46,16895.3,6873.73,16,5
41,8036.94,1354.97,3,6
42,6960.31,4421.05,8,4
26,2387.07,311.97,0,3
21,3999.69,1024.06,3,4
18,840.37,1036.54,6,0
28,2684.3,674.47,0,2
22,9684.75,3824.45,3,1
23,500.0,1322.47,1,1
22,1458.08,1217.43,1,0
42,9077.38,1986.98,11,2
36,5405.46,340.22,4,7
44,8680.13,3412.34,9,0
20,1978.22,2055.46,1,1
21,4318.91,3193.24,4,5
28,500.0,1316.89,3,3
65,16291.5,7918.11,12,3
43,5385.64,2215.02,3,3
28,1131.59,554.28,3,1
26,7874.37,4601.92,9,2
43,7532.79,3459.55,8,2
64,18186.68,6731.33,17,4
29,2786.02,1145.26,2,3
59,16467.15,6449.58,13,4
51,9101.61,2656.05,5,1
43,10064.48,4373.74,6,4
37,10306.8,3566.18,11,3
37,9489.32,3753.27,7,3
39,4895.11,690.01,0,0
58,17598.12,6891.99,12,2
24,3905.65,1909.87,2,1
38,19455.58,8653.14,12,3
31,4737.65,3478.67,4,6
75,16298.09,6111.96,11,3
40,9412.73,3364.85,8,3
41,10386.96,2567.97,9,0
19,2194.91,704.36,2,0
18,5489.99,307.87,6,6
21,3929.0,0.0,2,1
26,5429.93,1459.85,1,1
51,16795.52,5992.25,15,2
57,17610.36,6886.5,13,4
23,6684.39,5830.08,12,1
36,9356.67,4263.72,8,3
45,18805.96,7323.57,17,3
29,6445.85,0.0,8,3
33,1236.54,706.25,5,1
24,1056.55,410.54,0,0
22,3641.92,554.58,4,0
50,16676.05,5676.54,16,4
38,3569.86,1466.71,1,4
29,6419.55,2302.0,4,5
61,19072.27,7598.81,12,1
43,12109.67,3921.45,11,3
37,6828.26,3161.84,6,3
36,868.02,2155.97,2,0
37,4549.55,173.49,3,0
37,1815.38,1940.55,4,0
39,8191.94,2977.98,3,1
64,18940.09,7307.11,12,3
59,12790.52,7320.46,17,4
26,3832.41,1086.56,2,7
56,18538.17,6858.4,16,2
41,8897.49,2931.76,9,2
35,10762.36,3901.21,7,2
35,6499.11,1638.21,4,2
34,5084.31,1376.94,5,5
37,6571.55,4538.63,9,4
31,7315.86,3180.79,11,5
25,4244.82,1672.18,0,0
23,8551.6,3525.15,7,2
60,17509.66,7171.65,18,3
18,2080.05,1315.43,3,1
40,16986.04,7955.62,12,4
61,15551.35,7299.75,17,4
33,942.16,794.44,3,1
29,4113.47,0.0,6,7
37,8967.66,2936.04,8,3
22,3229.38,1199.28,0,3
18,1846.68,1783.25,7,2
45,9147.72,1679.31,4,2
18,2926.49,1319.66,0,1
48,16838.88,6447.89,12,4
18,2671.64,947.46,2,2
62,16752.44,7032.21,15,1
60,17778.51,7305.01,13,3
43,17373.27,7528.02,14,4
37,1665.46,2271.73,4,1
18,4896.1,339.24,0,1
43,9386.32,3431.6,7,3
39,16192.56,8294.57,13,6
39,6586.76,2168.76,1,5
46,8733.71,3162.79,7,3
31,6515.81,5241.94,9,4
31,6107.37,3396.68,7,4
18,4102.88,351.52,4,0
36,11230.33,3704.16,4,4
26,2316.37,1725.33,3,7
62,17741.76,6005.61,14,4
22,3060.95,0.0,4,7
37,5690.33,3615.28,9,4
41,12023.26,4720.26,6,2
62,15477.12,7152.29,17,5
18,4981.08,2184.12,0,7
49,12404.85,7130.58,12,3
41,3196.8,2076.61,1,6
34,3696.98,48.33,1,2
31,3988.83,3233.24,0,5
21,3073.71,1476.02,3,3
47,4413.28,1166.32,3,5
53,13663.01,7521.73,11,3
37,17127.4,6294.53,15,3
22,3233.11,1850.45,2,2
42,8609.86,2848.2,7,1
52,17431.75,6064.72,11,3
40,7820.42,3859.03,10,1
18,1628.3,658.16,4,1
19,6660.82,931.75,6,6
18,6453.72,1085.12,4,4
44,8823.75,4116.08,8,2
22,1610.61,2333.56,0,1
31,8513.6,3293.26,9,0
34,2788.36,926.66,2,5
60,8391.86,3610.08,7,4
18,3041.49,267.73,2,1
31,1357.89,972.79,2,1
43,2542.14,1102.3,3,2
27,7726.11,3080.36,5,2
27,569.6,0.0,2,1
27,1321.05,0.0,1,0
49,16763.9,6467.14,15,3
35,5577.64,3508.03,8,3
42,5944.98,299.64,1,5
36,4123.65,1351.62,2,8
54,9639.02,3339.35,9,3
33,5273.73,2877.6,9,5
49,19702.8,7764.41,15,2
36,8164.08,3138.01,7,4
33,2252.13,1211.97,3,6
37,4711.77,0.0,5,4
28,7135.7,262.73,5,5
46,18857.45,7348.22,13,2
47,21060.6,6338.91,15,2
26,1559.85,2767.92,4,0
20,1717.62,0.0,3,0
40,11339.21,4798.92,8,0
52,8473.06,4197.18,7,1
49,8725.57,2552.21,9,4
36,6671.04,1795.21,1,2
28,2060.22,893.33,0,5
30,3005.8,843.87,0,2
52,16825.74,7252.13,13,0
33,4456.4,1928.34,4,5
47,8260.86,4904.37,11,4
55,18782.13,6804.1,14,3
23,1653.09,729.09,4,0
44,15909.5,7017.08,14,3
30,6423.57,4388.0,7,3
46,18339.99,7101.82,13,3
61,16340.19,7209.32,12,3
50,12608.56,6818.84,15,1
25,1118.38,1456.69,2,3
41,18074.92,7350.27,14,4
18,1270.76,1223.3,4,0
66,17477.53,6721.03,12,2
43,16889.28,5803.25,13,4
27,4508.2,2316.92,6,1
60,16058.81,6873.32,12,4
28,1675.59,698.89,3,1
42,5690.41,3915.18,7,2
45,17650.76,7757.38,16,3
35,8875.73,4438.91,8,0
39,6977.41,2066.91,7,6
64,18708.69,7823.24,13,2
18,2863.69,0.0,2,1
38,8642.3,2411.65,9,2
28,1168.67,131.8,2,0
47,9006.3,2689.77,10,1
56,20801.42,7242.41,13,2
24,500.0,503.02,2,1
27,3117.21,1647.55,2,0
63,17205.91,7403.92,14,2
44,9027.98,3520.51,6,3
22,3052.07,0.0,4,2
27,8211.49,3837.05,7,2
40,4344.47,2672.99,5,1
43,17731.32,5898.68,14,1
40,5680.34,776.88,5,3
47,4695.86,2573.43,4,8
28,775.8,936.71,3,0
22,3430.35,1876.14,4,4
36,8978.69,2697.44,10,1
53,7383.49,3188.29,11,3
49,16093.97,7411.6,11,3
18,3960.35,1239.34,0,0
31,4448.32,1465.56,4,9
36,9177.01,3898.0,10,2
33,9191.36,3329.15,8,1
39,17269.25,7518.23,13,2
27,5691.21,1554.31,1,2
23,5172.2,1765.83,0,5
45,8291.09,3231.04,7,5
29,1975.54,1032.64,2,1
53,6192.03,3402.09,3,4
63,17477.91,7792.97,14,2
21,1037.72,627.39,2,0
42,8290.19,853.69,2,4
24,2507.02,1283.9,1,4
53,18083.86,6681.42,13,3
35,5547.53,724.82,3,5
24,4963.49,2151.52,5,6
27,10948.85,3470.17,3,6
59,15947.85,8325.09,15,4
40,9390.27,2699.54,8,3
22,3405.04,1781.04,2,2
36,2050.34,0.0,2,1
33,7480.94,4294.53,12,1
49,20957.62,5623.75,14,5
55,18398.42,8614.78,12,4
33,5375.62,2690.11,5,6
46,17138.59,7157.96,14,2
46,7167.51,5270.69,10,2
24,500.0,1488.66,3,1
40,16504.83,5441.67,11,4
24,9905.07,2834.24,8,2
42,4045.51,1689.91,3,5
18,2684.96,2111.79,2,0
38,13803.18,6024.7,14,3
26,500.0,0.0,0,0
52,6381.41,5336.87,6,3
43,10559.26,2907.56,7,6
21,500.0,0.0,4,0
44,15829.24,7074.33,12,3
31,4324.96,257.88,0,2
40,15472.68,6613.3,15,4
33,2840.65,0.0,8,5
18,1976.98,0.0,0,0
56,16258.7,7010.85,17,1
19,500.0,1667.36,1,2
50,7312.14,2639.71,12,3
27,10774.87,3576.38,10,2
30,500.0,146.36,0,4
33,6513.94,2749.46,9,3
51,16659.16,7139.26,14,5
44,6008.2,3309.46,8,3
21,4710.42,0.0,1,7
52,15842.94,6227.05,13,4
45,10055.01,3079.04,10,2
27,4399.43,0.0,5,5
18,3819.94,1841.21,0,1
27,6530.51,216.42,2,8
31,500.0,1052.3,2,0
31,3146.25,1419.68,3,0
26,3194.95,184.89,6,2
28,3272.07,2349.48,1,5
32,3957.14,551.88,3,4
42,16186.37,5555.67,15,5
42,9567.88,4239.94,4,3
50,18372.87,6423.7,13,2
18,500.0,1148.94,5,1
64,17948.38,6976.57,17,5
48,15208.95,7655.11,17,3
18,1562.3,1462.6,0,4
36,9543.09,4662.73,8,1
36,1137.43,539.53,1,3
53,9427.04,3872.33,8,2
54,17260.03,6878.1,12,3
46,17532.7,7944.41,17,3
21,500.0,1329.67,3,5
24,3504.17,104.86,5,0
56,17311.04,6062.55,10,3
38,5249.95,4595.52,6,3
37,8554.39,3203.21,8,2
44,18380.69,6702.21,11,3
51,10638.39,4766.94,6,3
57,17445.54,6832.2,15,2
61,19201.5,7124.37,12,5
37,6217.08,0.0,7,5
27,3819.3,574.06,2,1
39,9969.9,6016.92,6,3
52,19601.37,7762.38,19,1
25,1626.74,1812.77,1,2
49,7635.93,3382.58,8,2
21,3494.57,3.19,1,0
49,17451.45,7157.22,12,3
49,16358.08,7948.24,11,2
36,5818.56,204.53,6,5
18,3944.15,1203.53,0,2
36,9219.49,4249.63,4,3
44,6967.68,3358.7,7,3
31,2400.23,2216.15,0,1
32,9040.07,4495.37,6,5
30,3398.0,0.0,0,3
43,16855.36,7191.09,15,3
23,1459.92,426.92,2,0
67,15907.39,7958.81,13,2
42,7421.57,3203.23,8,2
42,18751.71,8646.23,18,2
49,19200.99,6908.15,17,4
46,7650.49,2737.36,9,4
46,7189.75,3494.73,7,2
60,17789.85,7471.16,15,4
49,16409.42,7579.43,11,3
26,948.37,1530.78,3,1
35,500.0,2450.25,2,1
46,9259.27,4187.05,3,4
50,6211.19,3515.59,8,2
34,4870.4,682.83,4,0
32,2537.25,638.74,1,6
57,18718.09,6206.19,15,3
53,15723.08,8164.87,14,5
46,8416.47,3745.68,7,3
52,18426.56,7090.46,14,6
32,6451.95,3557.13,4,4
28,6082.17,859.61,2,0
35,6046.42,1178.1,5,2
46,2078.12,515.96,0,0
33,5392.79,1786.82,5,5
47,14260.32,6909.02,17,4
26,4660.04,644.27,2,2
52,19092.34,7232.38,12,4
36,7002.23,3343.19,9,3
41,4047.97,861.05,2,1
36,11134.19,4328.36,7,1
40,7549.74,882.27,6,6
59,7222.09,2560.51,5,2
41,11684.58,3996.98,10,2
43,2346.22,1344.48,3,0
30,9743.88,4298.08,8,3
36,2010.6,518.65,5,1
18,500.0,1618.27,3,1
38,7649.8,4479.68,10,4
47,4502.49,1957.33,7,6
18,1569.58,1044.56,1,2
31,4382.32,754.62,3,6
32,1806.99,0.0,1,2
34,3018.49,476.35,4,1
38,8265.96,3880.83,7,2
56,20086.89,7459.41,12,4
29,3638.02,176.4,0,0
25,3346.91,678.96,3,2
33,10747.52,4164.45,11,4
51,15807.74,7198.45,17,2
51,13727.33,6120.14,12,3
36,18516.99,6921.22,10,3
41,5657.78,3260.01,11,2
31,10624.16,4128.28,5,4
44,7113.84,5387.17,9,2
52,17796.02,7032.18,15,5
36,7298.51,1498.44,3,6
33,7056.09,1428.48,3,6
31,8112.95,2124.82,9,2
25,2778.56,2712.02,2,0
29,3136.12,1103.53,0,0
35,4196.59,805.74,6,6
29,6375.46,4234.51,6,1
18,500.0,1918.07,1,1
18,2725.0,692.59,3,0
25,4578.57,2220.16,4,6
32,1090.65,106.71,4,0
27,3179.65,1329.21,0,1
44,12807.23,6052.37,12,2
38,9587.61,3797.75,8,4
27,4017.77,2031.39,4,7
42,11025.52,0.0,0,4
55,14073.83,8423.63,11,2
50,6974.96,4045.32,6,3
46,6988.85,4416.04,4,3
51,15472.57,6963.49,12,2
27,4811.9,0.0,0,1
27,3569.84,335.4,1,1
39,4087.71,1026.51,5,4
48,17044.38,7214.61,15,5
39,6499.11,3323.45,4,1
29,4838.23,1016.69,5,6
18,1727.65,0.0,3,3
34,6329.8,2634.8,9,2
24,984.48,492.54,8,2
53,18144.69,7661.44,17,1
50,19715.38,7061.15,15,2
18,500.0,296.07,2,2
36,1421.5,338.01,1,1
30,8735.29,2557.09,8,2
57,15911.28,6713.65,15,4
58,15624.66,8035.34,14,3
23,3435.05,0.0,2,0
29,3048.63,1411.59,2,1
20,1401.36,1786.39,6,2
44,3253.0,1413.68,4,5
60,15236.47,7000.6,16,5
42,11013.12,4325.47,9,3
26,4430.64,775.64,3,0
42,15535.46,8750.83,17,3
25,634.01,105.47,0,2
52,18412.27,6598.79,15,4
33,17341.41,7804.29,16,3
41,18596.68,7486.85,9,4
58,17743.34,5508.19,17,3
53,14497.66,8656.77,18,2
40,19074.72,5575.03,15,3
28,3616.44,1072.81,4,6
32,5215.47,693.08,2,5
28,3734.76,342.9,5,7
28,9849.11,4611.21,9,0
21,500.0,1044.5,0,1
50,16652.35,6239.03,16,3
60,17138.61,8476.86,15,3
49,7990.51,2856.59,5,1
34,7853.93,3560.52,5,1
60,15506.28,6203.15,15,4
33,4648.66,1068.06,4,6
45,5497.37,1961.34,5,6
36,6041.74,338.54,3,6
26,1417.05,1814.43,3,2
33,6386.95,559.58,4,4
34,1080.34,1397.21,0,2
28,4232.09,4649.63,1,4
39,6187.09,2569.8,6,3
23,557.42,827.15,0,1
36,4872.31,2373.85,3,5
39,11088.93,3561.13,9,3
34,6038.44,1145.87,4,4
42,19071.24,6427.25,19,1
44,8049.5,3050.39,8,3
40,6897.94,5344.65,7,1
39,10027.01,6007.02,11,3
24,4154.33,725.26,0,1
37,3610.5,1040.39,2,0
59,16370.9,7414.47,13,3
59,18517.5,6194.18,15,2
45,13786.42,7909.72,15,4
18,2130.58,1742.71,2,0
18,965.03,2341.3,2,2
27,6568.02,4059.47,6,3
35,9580.61,4406.43,12,4
31,9979.05,3201.38,10,5
56,17750.1,8531.05,16,3
44,5952.35,3654.06,7,2
42,15440.64,8113.78,16,3
26,2655.81,0.0,3,0
35,8554.78,4097.39,10,3
49,6102.19,0.0,5,6
28,1512.42,894.26,0,1
43,7345.99,4466.62,10,2
18,745.62,2525.31,3,0
38,5977.2,3665.42,7,4
36,5111.18,149.92,1,6
42,3456.86,0.0,6,2
21,6379.55,764.67,7,6
46,1992.94,1014.03,4,0
26,500.0,1291.28,0,1
40,19263.82,7459.67,14,2
21,3623.96,2098.89,5,1
41,7829.25,1915.5,6,4
18,9163.35,2648.27,8,1
65,14059.81,7613.03,12,4
30,3214.7,528.36,2,6
34,1183.39,2416.01,3,1
24,4262.91,1329.85,4,6
51,16977.3,7974.59,16,5
31,6998.3,3631.93,8,1
54,19068.08,7373.71,10,3
28,5150.56,499.65,1,6
32,5088.09,1747.58,3,5
18,3941.49,786.09,0,1
25,9666.34,3166.67,7,2
52,8280.86,1669.92,9,3
51,7861.12,2797.06,8,3
37,7114.85,1277.38,5,5
36,6193.13,3950.12,8,5
57,15666.7,7530.12,13,3
41,5042.57,1903.73,2,2
62,19497.93,6176.54,13,1
23,3788.59,0.0,4,0
41,7846.94,4125.2,6,2
43,9405.05,2787.52,7,2
25,5217.84,1099.91,5,5
38,6174.33,0.0,5,8
25,5643.16,2026.02,5,4
21,8246.69,1664.29,5,4
18,500.0,112.32,4,0
45,2665.07,4.12,4,2
46,2069.26,1517.82,5,4
56,16687.05,7964.39,17,3
24,1580.03,0.0,4,0
42,6902.86,993.11,5,5
63,18032.74,5907.54,17,2
42,7643.95,4117.29,9,2
36,4334.31,2230.8,3,4
41,6689.43,571.57,1,6
33,10163.0,3996.7,7,4
29,5743.99,1184.43,3,5
36,9256.12,3239.46,10,3
21,4052.96,1370.51,2,2
44,8592.22,1443.43,5,4
32,2540.77,1692.44,4,3
48,11151.12,2588.56,6,2
34,6225.67,3933.0,8,1
39,4309.93,2358.64,3,5
43,7695.9,3772.44,7,2
26,4847.16,0.0,5,6
48,16586.75,8753.66,12,5
28,5085.31,1726.77,6,6
33,7139.73,2228.97,4,1
42,3508.55,1839.18,3,6
54,17213.52,8840.01,14,1
60,17875.79,7836.85,13,4
26,500.0,0.0,0,1
28,542.35,1032.41,5,1
39,7212.43,2561.77,8,4
38,18283.56,5121.88,16,2
53,16941.84,6172.52,17,1
37,3354.8,494.18,3,2
28,5159.77,1350.23,3,6
37,5554.18,112.03,1,3
25,2539.22,3390.9,1,1
30,2034.96,820.56,0,0
43,10205.02,4327.68,9,0
44,9530.32,3140.45,4,3
56,13411.76,9325.9,14,4
25,7971.28,2626.46,8,4
59,16347.46,7806.07,14,4
53,15537.49,5988.18,13,4
36,9336.7,2599.41,6,2
34,5172.95,2852.33,12,4
18,5759.99,0.0,4,6
45,9406.55,4140.59,7,2
18,974.69,1351.63,4,2
40,8913.66,3539.75,6,2
62,15304.0,7668.68,11,2
58,16066.28,6007.86,17,3
35,3062.3,189.84,3,2
41,5802.59,2907.7,2,2
40,5008.46,3351.01,4,6
30,3893.4,0.0,3,1
33,3421.0,0.0,6,5
27,8646.38,4800.72,7,2
33,3397.21,5111.38,7,2
61,18196.76,5920.6,14,4
50,19138.03,5953.41,13,1
18,5779.17,1890.63,0,6
35,500.0,0.0,6,2
34,4770.04,183.58,2,3
24,7404.1,1995.51,3,9
33,7983.87,3669.99,7,3
47,18805.39,6807.0,14,3
58,14962.3,6149.69,15,3
49,8090.76,4801.28,5,3
21,500.0,515.81,2,0
33,3581.86,91.13,2,1
63,19544.8,5905.32,13,3
38,7836.93,3286.08,4,1
38,4495.91,3591.56,5,2
22,4012.67,0.0,0,0
43,8661.49,3714.67,5,4
40,5219.09,2734.69,8,0
33,4546.67,1935.6,3,5
31,2899.61,0.0,3,1
41,6522.24,3376.13,7,3
51,17741.5,6964.65,14,5
53,17572.7,6733.23,17,3
29,1506.26,413.75,2,2
31,2155.04,1708.75,3,0
33,7712.21,4114.55,5,5
40,4803.24,1178.9,5,4
41,17415.99,6513.72,14,4
53,16776.6,6600.0,15,5
23,6023.95,705.42,7,3
18,5508.62,998.22,4,7
43,4524.83,383.65,4,4
34,4549.08,2038.21,4,5
38,6355.76,1315.37,3,5
61,17198.95,7132.01,11,0
32,10181.93,5104.94,7,3
46,7036.06,3646.43,9,2
40,2262.64,1053.59,2,0
32,2632.52,966.7,6,4
52,15853.89,7904.62,12,5
30,3275.07,1277.5,0,3
40,13861.44,7859.96,16,2
40,6029.28,1002.66,6,4
62,15004.63,6347.31,13,3
26,3680.08,924.33,4,5
59,16343.49,6721.22,16,4
22,9239.66,3156.83,7,2
36,3272.8,0.0,4,4
32,8606.46,2723.39,7,3
32,500.0,1499.13,6,0
52,11538.08,3518.36,6,2
40,6530.86,3992.58,7,3
26,4170.67,983.1,5,0
30,4311.7,462.7,1,1
56,16329.47,6275.97,14,3
54,19546.79,5091.35,10,4
57,16109.77,5754.3,12,4
18,2275.26,1660.44,0,2
47,14425.39,8278.81,10,3
51,8242.61,4666.87,7,5
25,3324.87,1496.17,4,2
28,2169.48,977.96,7,5
22,4476.16,2066.39,2,6
45,18723.59,7676.16,15,4
45,15372.53,7851.61,15,1
24,7757.63,777.6,3,7
34,1336.43,1447.3,2,1
23,2296.93,2222.79,5,2
32,6441.73,802.02,0,5
38,10185.3,3631.68,8,1
40,8590.56,1941.42,3,6
46,16082.94,6990.98,15,3
61,17315.38,6684.04,12,1
24,4457.27,1734.88,1,0
39,18331.15,7374.86,13,5
30,4764.15,2851.15,8,1
26,4580.16,637.47,4,5
59,15011.01,8367.43,14,3
29,7342.06,2856.76,8,4
18,1002.77,246.39,2,1
19,2504.29,1479.73,0,3
28,5106.29,1045.14,5,6
40,3034.12,2013.93,4,3
37,3896.82,2095.63,4,5
31,6508.38,2259.02,3,5
18,4324.15,1105.17,6,0
37,15895.52,8072.65,17,4
29,5705.32,720.89,2,7
35,7894.17,3432.73,8,3
48,17220.2,8178.97,15,4
44,18901.91,8807.53,11,3
21,2623.41,503.88,4,6
40,8060.43,2471.56,9,4
35,2476.02,0.0,6,0
36,9289.71,3202.48,7,4
37,18505.42,6906.38,13,4
18,5060.15,2019.12,5,4
41,6844.69,4492.42,9,1
18,4639.83,1891.65,3,2
32,4887.79,1410.77,4,6
52,6473.51,1756.45,0,5
40,8143.47,2051.98,10,2
38,17607.66,7959.86,18,3
40,21221.22,5787.88,14,3
36,7292.62,4520.85,9,4
23,7819.26,4052.62,7,3
21,5521.48,182.07,3,3
40,16450.13,7285.84,15,2
38,11323.45,2371.88,9,2
42,5917.86,537.45,3,6
50,6616.12,3099.64,4,5
45,18905.82,6988.5,14,2
48,18142.28,7948.78,15,1
32,4184.46,2766.33,1,3
32,7575.59,3932.13,8,4
25,4892.1,3188.28,2,5
22,500.0,1494.55,3,2
18,500.0,1466.02,2,2
34,5493.32,2683.22,2,6
44,5916.69,3935.89,10,3
47,7026.25,1518.55,9,3
39,5126.04,1174.92,5,5
48,16556.54,8072.5,12,1
30,2714.63,679.12,4,6
36,5800.84,1755.23,2,6
42,8038.31,2779.43,8,3
44,19192.79,6688.67,11,1
54,16901.27,7148.92,13,7
60,18206.32,7280.91,16,1
25,3128.44,0.0,2,3
41,9505.38,3486.23,8,2
18,536.0,473.95,0,0
27,1170.78,2157.38,7,2
18,6419.59,624.55,1,3
30,6646.73,3297.81,8,3
29,1847.19,1358.38,4,3
40,4721.83,1354.94,4,1
61,16749.89,5000.3,12,2
48,11907.2,2728.15,8,2
33,9676.07,3585.37,7,4
50,18430.47,7553.56,13,4
37,2160.55,1365.46,2,0
40,9420.56,3570.17,11,1
55,17354.53,8118.05,12,2
40,6017.84,1820.97,3,6
66,18235.9,7965.82,14,3
29,4559.81,542.92,0,4
24,1653.26,104.26,6,3
32,3292.33,1623.24,0,4
43,5393.27,2889.09,4,4
50,18149.92,7457.79,15,4
24,2309.16,1397.31,3,0
42,4285.59,514.31,2,0
38,7249.92,4584.77,8,3
39,6268.46,1311.05,6,3
39,7837.64,3073.77,7,3
28,12758.93,3794.41,8,3
43,13824.34,7424.33,16,2
33,3408.39,1832.05,2,5
28,2321.6,509.67,3,3
22,2752.38,352.5,3,2
31,6802.62,1699.17,2,5
68,17514.41,7446.34,10,3
31,964.14,1522.33,0,0
32,1630.8,0.0,2,0
18,1170.15,1751.09,2,3
18,5159.17,1284.22,1,3
35,8426.39,2665.56,3,7
66,17211.63,7404.13,15,5
28,1718.84,0.0,5,0
43,7012.52,2818.82,6,3
47,15478.78,7614.69,19,1
33,4144.15,603.2,6,2
33,4418.72,2705.58,3,4
37,7483.82,2474.53,8,4
41,10592.4,3575.99,8,2
24,2634.32,376.47,2,2
31,2898.35,1540.8,3,5
37,5805.01,3866.51,3,5
40,6480.87,2048.83,8,6
46,14927.15,7755.79,17,3
36,3329.95,2003.26,5,5
35,8000.21,3080.04,6,3
24,500.0,853.1,1,1
30,6227.55,310.55,4,1
41,8882.13,3012.12,7,3
47,8137.66,261.55,5,7
29,3257.41,1399.81,1,2
44,16221.29,7453.78,17,3
28,4679.83,1858.32,0,2
32,9660.83,3130.57,7,3
31,5731.31,0.0,7,6
28,582.09,0.0,1,0
46,8831.46,1761.6,7,6
21,1394.76,0.0,2,0
67,16102.61,9214.02,13,1
43,9433.94,1223.17,8,0
19,5120.3,464.07,3,2
36,2034.66,1826.83,5,0
47,17070.28,5976.31,13,3
33,6851.1,1062.23,2,5
23,500.0,2706.58,2,1
60,20457.08,7685.28,11,4
55,14586.77,5983.7,15,5
18,2060.78,999.44,1,0
32,4046.65,3135.54,3,3
27,7318.84,3156.9,6,1
35,3065.87,1048.44,1,0
28,2179.97,0.0,2,0
28,3628.37,357.43,3,5
45,15532.14,5601.43,15,3
27,924.91,2228.97,2,3
27,2956.52,428.25,0,1
61,14726.86,7298.69,13,3
19,2683.03,868.18,1,1
28,500.0,0.0,6,2
28,2697.53,2124.76,3,2
39,500.0,256.92,3,0
30,5767.58,367.84,3,5
29,8461.05,3208.27,12,1
45,15295.83,9011.94,9,2
27,11362.59,4416.34,10,4
50,20667.6,7417.97,16,3
26,9073.99,3196.89,11,6
26,8438.98,4566.58,7,3
25,4065.07,1341.82,1,5
53,10780.25,2466.96,6,4
61,15908.65,7298.16,20,2
35,4338.66,419.55,5,0
54,9170.23,2443.62,8,2
34,3364.7,0.0,3,5
27,4402.26,1887.16,0,1
30,5631.09,2027.62,6,7
34,2117.99,112.47,4,1
52,16618.61,7450.38,10,3
52,18510.56,7572.49,11,4
36,10139.78,2344.83,8,4
54,15563.02,7558.67,12,3
45,13677.73,6183.2,11,3
21,10379.77,2924.27,6,3
28,776.17,71.07,0,1
38,3461.03,1668.57,0,1
64,15480.1,7415.64,12,2
55,18329.36,6575.76,17,4
44,15942.36,7257.44,13,4
36,8744.53,4261.44,8,4
34,5173.07,1856.02,2,7
66,16342.19,7934.07,14,4
51,19614.31,8938.01,14,4
48,8950.04,3629.43,6,2
40,10920.12,5544.39,9,0
46,15414.29,5781.18,16,4
18,2208.93,173.92,4,0
19,500.0,2516.09,1,1
37,8438.28,2151.0,9,4
53,19637.07,6538.25,12,3
29,4037.78,987.91,1,4
46,9261.39,3096.02,6,2
31,4645.17,765.98,0,0
46,9903.45,1824.0,6,3
33,4306.64,1511.98,3,6
30,2013.48,1545.9,1,0
25,500.0,843.37,1,2
31,1060.37,490.33,1,0
25,2612.18,178.14,2,3
28,5711.68,1822.68,5,3
33,5123.98,3429.22,5,0
22,7599.55,3807.99,6,1
56,17764.49,6018.73,15,4
24,2975.43,435.39,4,1
26,4923.89,1177.46,2,2
49,9346.62,5045.31,7,4
37,4084.37,849.41,0,7
58,19688.43,6169.46,14,2
30,500.0,0.0,7,0
31,3441.74,1148.71,2,2
43,4360.89,2395.1,8,4
43,5711.74,4149.32,8,1
26,2749.75,3938.65,1,0
36,8805.97,2203.95,8,2
72,16422.5,7052.41,14,3
45,6228.87,4935.97,3,1
48,4653.87,899.88,5,4
51,6849.78,1395.27,2,8
45,9487.72,2989.56,10,2
30,3226.21,1174.66,3,0
35,10005.23,3677.17,7,2
30,1785.51,2042.43,3,6
44,6725.36,2156.52,3,5
27,500.0,892.58,6,1
27,4459.2,2411.03,8,4
22,3464.01,940.32,3,5
18,500.0,160.52,2,1
39,5960.46,1085.59,5,5
35,8950.13,4582.94,7,2
55,16934.55,8500.66,13,4
46,13794.89,6097.53,13,3
41,16927.23,7017.98,13,2
18,2984.94,824.73,1,4
46,6913.67,248.55,4,4
28,2870.82,534.34,2,0
24,1305.19,1346.16,3,0
41,8440.02,2931.18,9,3
18,500.0,0.0,2,2
31,3189.62,11.57,5,5
33,2626.2,3049.68,4,0
37,9000.41,2301.41,7,3
37,3383.97,1434.58,9,4
41,9302.0,3735.67,4,3
46,9125.63,5235.57,13,2
38,946.73,1768.64,3,2
35,5510.93,574.02,3,7
39,8351.25,3800.89,7,6
62,15562.37,6173.99,13,3
26,18067.25,6699.2,13,3
34,3487.87,510.09,2,0
22,500.0,1932.15,3,0
55,19876.97,5966.74,17,3
48,18600.11,5582.18,12,4
52,19148.51,6993.64,15,3
19,500.0,2422.44,0,2
36,1879.66,303.1,1,1
19,6118.51,1408.24,6,7
35,4700.66,131.51,0,1
21,4090.38,625.8,2,2
31,9426.03,3658.8,8,3
35,500.0,1120.65,2,1
24,2977.87,924.59,7,4
29,4722.46,0.0,2,7
36,8347.85,1533.45,3,6
39,9986.11,3162.21,6,3
47,17582.5,7272.47,12,3
40,9304.19,4000.09,6,5
18,2854.6,769.37,7,2
51,17842.88,6532.36,10,2
44,15961.25,5630.31,14,2
42,14867.5,6461.57,14,2
41,3958.77,711.18,1,1
43,10247.25,2694.17,6,2
52,17141.6,5136.8,17,3
50,16059.53,7534.64,15,3
18,2015.02,365.04,4,1
39,4950.0,1186.72,3,3
39,10063.4,2679.75,12,0
27,740.76,1770.7,2,3
46,8906.95,3254.79,5,3
55,17334.08,7537.13,14,4
20,1829.61,0.0,0,0
38,9217.89,2192.42,10,2
41,4603.21,1521.56,7,5
26,5420.02,4608.62,6,2
48,16895.94,5659.39,14,3
49,10465.41,3091.25,8,1
22,500.0,2462.01,0,2
46,7920.21,3645.82,8,2
58,17016.29,6933.57,18,5
49,11029.8,3047.21,6,3
37,8953.38,4856.13,9,1
27,3988.2,70.64,0,8
28,3807.11,2257.37,0,3
25,2916.14,0.0,3,3
28,7504.89,2461.48,7,7
58,18522.66,5840.5,15,2
46,17637.33,8036.48,13,1
39,7864.04,1237.14,5,6
44,9711.34,2967.61,10,3
48,16517.81,6925.47,15,4
31,5145.55,1790.38,7,5
42,9702.48,3942.28,7,3
42,3559.91,2557.15,4,4
55,9887.21,4130.16,4,2
61,17198.58,6628.48,15,3
59,16634.02,7022.18,13,4
21,500.0,401.75,1,1
46,8454.05,2006.12,8,1
23,5541.36,1057.28,2,7
33,2058.94,1644.2,5,5
41,8146.11,1199.4,8,6
55,9281.53,3529.07,11,2
47,9329.09,922.12,6,5
62,16595.62,5614.12,19,3
24,4466.58,105.56,1,0
29,4109.71,1425.98,6,5
49,7029.79,4158.59,11,3
28,3702.23,675.29,0,0
41,9064.58,2087.47,3,5
30,500.0,1088.33,0,2
38,7682.27,3652.01,8,3
32,4261.64,0.0,1,0
55,15449.43,7632.19,12,3
36,4361.03,0.0,2,2
51,5273.3,3469.73,2,6
40,18967.3,7653.84,17,3
35,4463.91,2810.56,9,4
54,7356.23,2736.04,7,3
38,3927.73,1895.22,1,0
37,7850.11,4306.11,5,3
34,4547.89,339.15,5,5
34,4249.17,2288.14,5,4
35,2324.55,1235.28,6,5
33,500.0,880.9,1,2
42,15145.25,6578.9,15,3
38,5620.7,2320.95,5,3
34,1164.88,8.65,0,0
18,1079.11,919.38,3,3
58,18532.75,6318.37,14,3
34,4258.56,3318.86,3,5
32,8079.8,4856.4,7,1
61,18805.17,7151.4,17,2
31,3559.72,370.98,4,6
36,3643.01,2562.27,2,7
20,1181.21,811.85,0,0
29,5965.52,1176.96,6,5
18,1205.35,75.27,0,0
30,7898.06,3035.05,5,4
41,6706.3,2685.69,10,3
28,1803.68,919.53,1,1
37,500.0,1122.11,6,0
36,1464.5,1384.42,0,0
21,3776.99,1591.36,4,1
56,15310.64,8689.72,13,2
18,5569.98,0.0,0,1
44,3672.49,0.0,2,5
34,1479.33,235.81,1,0
48,4725.01,0.0,5,7
36,3287.78,1288.01,2,2
38,3813.03,3147.43,4,0
57,18178.37,7209.52,14,3
40,3383.56,3101.67,4,5
35,817.4,1429.57,7,4
18,4033.73,0.0,0,4
42,6933.31,2773.98,0,5
46,8239.73,3819.87,7,2
60,14887.72,4610.85,14,2
43,2085.56,1234.12,7,5
57,17938.45,5058.05,12,4
21,974.85,951.79,1,1
18,2413.32,961.5,6,1
18,4012.74,0.0,1,1
37,4982.48,1415.88,4,4
39,2232.31,269.5,0,1
19,653.51,1226.43,0,3
28,500.0,69.45,2,4
41,6744.96,2969.4,4,3
65,16805.0,5778.46,17,4
24,1319.88,814.49,0,0
27,2454.4,1198.46,2,1
46,17363.52,6330.66,16,2
21,2717.31,1754.84,0,0
35,9400.57,3920.99,5,2
43,11449.46,2668.99,12,1
43,18885.46,6775.28,14,6
42,551.81,1037.09,0,1
42,7739.68,3100.34,8,2
22,500.0,0.0,0,1
50,15654.01,7556.93,15,2
18,2286.65,298.17,0,1
48,15915.41,6840.85,15,3
53,15677.44,6449.79,15,4
32,4958.34,1967.55,1,1
50,18237.3,6973.85,11,3
26,5974.96,1036.66,2,7
21,3009.73,709.35,0,1
28,5605.56,2028.27,0,0
48,14356.49,7555.88,16,3
40,4419.14,1621.41,2,7
26,9717.95,3460.48,8,1
39,6916.31,4548.76,8,2
26,2443.77,577.35,3,1
40,7391.18,4131.82,7,4
26,5833.1,793.44,3,5
36,10463.26,3977.73,6,3
28,1428.96,573.1,0,0
29,10622.96,5221.85,5,3
37,8279.71,3710.07,6,4
47,16478.54,5949.7,17,4
30,6533.75,2531.65,2,2
65,16817.8,6910.85,12,2
50,13208.35,6209.39,11,2
34,5405.35,1202.25,2,7
27,3352.19,674.51,5,2
41,4410.7,2021.99,4,5
30,2988.25,0.0,6,5
53,20302.86,5930.88,12,3
55,15253.06,6191.11,8,3
28,11734.68,2713.28,8,2
31,3150.0,235.15,4,3
49,14664.96,7471.68,14,4
20,2114.35,483.97,2,0
20,712.7,2169.9,0,2
31,3650.98,1161.37,1,5
36,4579.55,2305.07,5,6
24,500.0,0.0,3,0
32,4693.63,1764.94,1,5
24,3351.37,1103.86,5,1
19,2320.04,1150.31,0,3
32,5251.46,474.05,3,4
31,4413.01,1346.96,1,6
33,7144.35,3962.79,6,4
32,8761.71,3710.71,7,3
18,2773.64,0.0,5,1
68,16563.16,7686.82,16,2
18,2001.0,2312.67,0,2
60,14612.3,8321.04,13,3
61,17591.41,6151.56,17,3
26,7250.83,5015.4,9,1
26,777.6,0.0,3,1
28,2765.02,750.88,1,3
36,4913.01,2733.08,3,6
19,1247.3,0.0,4,2
28,3651.91,780.52,4,1
49,17180.65,6079.55,14,2
21,3816.9,0.0,5,3
31,8003.38,3013.57,4,2
47,12281.5,2978.12,8,2
50,12308.31,7537.56,13,1
44,7797.47,4024.57,8,3
28,2047.75,1283.06,2,5
33,8171.42,4443.25,9,1
67,17357.71,7737.63,16,1
25,4959.03,1316.7,1,1
23,500.0,967.63,1,1
49,5869.39,4568.93,9,2
37,8223.41,2770.89,7,3
33,500.0,1318.88,5,0
68,18848.87,6148.17,14,4
18,500.0,233.31,0,2
49,16732.86,8372.51,14,3
32,500.0,352.05,2,2
30,7289.36,1584.53,4,5
30,4468.55,2467.97,3,5
61,9374.92,2925.17,7,2
41,7927.74,4217.16,12,2
59,17192.6,9254.06,16,0
32,7528.88,4612.5,13,2
18,500.0,0.0,3,0
40,16320.22,5878.44,16,2
18,2249.39,1748.53,1,4
36,8716.68,759.79,1,4
50,12124.41,8861.26,16,1
30,3745.45,2029.46,7,1
56,15401.42,5252.27,16,5
18,4607.11,1098.46,8,5
35,9577.21,3942.42,5,5
77,16699.39,7679.44,13,4
32,5120.94,1355.66,5,6
52,15416.82,7645.05,17,4
44,10771.03,2537.64,3,1
42,1966.47,1164.93,5,1
34,1647.37,17.49,0,0
24,8581.06,3520.5,7,2
25,2683.96,289.55,4,0
37,4616.19,432.06,1,0
40,7264.21,4893.48,4,2
24,545.87,1874.38,2,0
19,500.0,1333.83,2,0
47,16581.07,7292.37,12,5
51,19498.71,8330.21,14,1
35,500.0,0.0,5,2
59,5560.92,3151.26,6,3
32,2686.57,0.0,5,3
30,3851.58,2745.49,1,5
41,16100.16,5910.85,16,4
30,3542.73,0.0,4,3
37,500.0,0.0,0,0
18,3522.0,1400.01,4,0
41,3601.61,1153.82,2,1
20,2379.59,560.87,6,1
30,3543.03,1456.16,2,2
40,16716.31,7047.99,14,2
51,15791.52,6369.48,12,3
19,2081.02,1192.75,2,4
33,2532.57,1759.84,4,7
70,16975.36,5253.98,11,4
18,1933.78,1098.41,6,2
19,5293.31,2468.91,4,3
32,500.0,854.59,4,0
43,9475.96,3378.57,10,3
32,7099.12,1967.8,5,4
30,1999.7,1892.83,0,0
39,7931.71,3456.11,9,0
49,15780.81,7763.95,14,1
47,11794.12,5321.32,5,2
63,15491.58,6610.98,16,2
25,3542.53,3515.55,8,2
22,500.0,946.1,4,3
56,15275.77,7733.09,17,1
26,3650.57,563.75,1,2
44,3009.0,52.07,6,2
39,6428.86,1178.41,4,5
62,15454.15,5729.42,14,4
30,927.0,0.0,3,2
34,9008.3,4029.75,7,2
38,4397.23,1171.62,0,1
28,6020.44,1119.44,3,6
43,7158.78,4439.23,9,4
34,6154.01,2231.26,6,2
42,7737.13,2949.5,6,5
40,8624.83,2184.05,7,2
21,2189.23,823.47,5,1
32,6587.12,2548.46,7,6
51,9756.58,1788.25,11,1
23,500.0,765.92,3,2
32,5140.43,554.07,4,0
33,9321.66,3176.53,9,1
42,2775.3,4381.64,3,7
24,2945.13,1994.19,5,2
41,2832.46,1996.65,3,1
68,19195.93,7092.23,17,4
30,9329.28,2522.85,9,2
22,1271.06,59.28,1,3
53,19530.31,7315.58,11,4
42,7928.89,2701.22,10,1
56,14301.73,7346.21,17,3
22,2749.51,1622.66,0,0
46,15668.66,6343.21,18,3
45,1274.26,1179.94,1,1
39,7011.29,2201.65,5,6
52,16182.48,5327.4,14,5
53,9695.82,3351.93,5,0
23,1888.42,1498.36,5,1
33,3094.43,2972.97,5,6
45,16763.74,7450.45,15,1
20,500.0,124.0,0,3
40,11982.91,3641.5,8,4
31,2845.64,1157.55,3,2
54,17320.57,6557.78,17,3
35,7150.51,4597.15,9,5
32,4133.8,0.0,4,0
38,4631.5,2029.06,4,6
26,2092.16,1740.54,5,4
32,3528.87,153.92,5,5
29,2383.98,2482.13,2,4
50,1400.17,1044.32,3,1
39,17063.79,6824.73,15,4
31,5316.08,2619.89,4,5
53,15909.06,5442.16,17,0
21,1012.36,1648.55,0,4
39,500.0,2160.53,2,4
26,1373.87,2187.55,0,1
58,15708.01,5983.86,15,4
38,7849.62,3484.2,6,3
47,5114.58,4390.12,5,4
48,21758.69,8652.96,14,2
18,500.0,1510.71,2,0
24,500.0,424.8,2,1
29,1936.33,1315.06,2,2
31,500.0,0.0,4,1
18,1400.75,2371.6,7,2
37,3581.57,461.91,3,7
38,12855.56,3425.47,8,3
19,5506.25,1321.29,4,0
36,16091.27,6834.32,14,3
46,18562.69,8422.86,17,2
50,16963.25,7184.09,13,3
34,8509.34,2646.17,7,2
48,20246.91,7872.27,13,3
35,8383.01,3474.13,4,4
18,6311.13,1518.31,1,3
20,986.58,664.16,0,0
26,6060.93,364.11,0,3
33,4264.21,1706.29,4,1
20,500.0,825.89,4,2
21,7519.35,3169.17,7,3
18,1837.63,1602.47,0,2
44,8555.12,4200.59,7,2
18,4315.62,0.0,5,1
36,2686.44,1983.42,5,0
41,5732.2,1675.66,7,5
39,8629.46,4192.71,5,4
66,15280.66,6455.63,14,3
54,16525.29,6825.09,13,3
47,5447.6,4594.17,7,3
42,8115.59,1303.85,7,1
27,2360.47,1083.57,0,0
37,2093.28,1176.71,1,7
37,3710.37,972.76,2,1
40,18300.11,6993.99,17,3
29,1861.84,506.34,1,0
35,5576.04,3712.1,10,3
33,5829.11,1890.1,5,6
28,1575.24,505.44,0,3
49,18648.15,10037.19,11,4
49,16038.28,7889.87,17,3
40,6291.23,4807.18,5,3
43,4609.05,1262.61,5,5
28,3398.14,1176.68,2,2
29,2831.51,101.58,0,0
35,10087.37,3375.5,8,2
30,3944.42,650.27,3,0
20,5356.14,288.65,2,4
39,4748.65,1378.79,6,4
23,4174.47,2035.63,2,4
54,19588.13,6640.12,13,3
51,6820.74,3464.49,6,3
32,6136.38,3854.38,4,6
30,2411.05,355.17,0,2
53,14922.42,7368.66,12,3
36,845.47,1205.37,2,1
35,7189.34,2430.89,5,7
40,16238.72,5955.91,16,2
29,4043.3,304.36,4,4
24,3677.53,1071.67,0,0
38,10692.2,3117.74,8,3
23,3435.08,240.42,5,0
41,6219.58,2167.96,3,3
39,7772.84,3443.2,7,0
44,1635.52,783.66,0,2
25,1217.4,2271.2,3,2
28,4571.45,2279.16,3,8
45,9958.52,3493.22,7,2
28,4667.9,1420.0,4,8
29,6739.18,3921.07,10,3
50,10062.29,2716.84,9,4
57,18326.18,8771.06,13,6
24,3779.36,2571.98,3,5
35,10567.93,3475.63,6,3
18,843.13,487.21,1,2
48,18885.33,6955.57,14,4
36,9143.98,2736.28,10,1
20,1944.4,1080.52,4,1
32,500.0,1770.55,5,1
18,681.47,963.28,2,0
38,8828.91,4773.19,11,3
35,4794.22,1111.93,9,7
30,3179.45,632.36,1,1
31,1919.24,112.06,2,7
31,3465.83,300.34,4,5
36,9249.41,3063.41,4,1
31,1767.74,355.03,3,4
38,9959.12,1851.07,5,4
31,7624.56,3101.78,10,0
51,8846.16,4044.04,9,4
33,7881.43,2349.29,8,2
43,7521.27,1921.51,9,3
30,2178.27,2086.91,1,0
42,6799.53,4305.1,9,0
39,7928.55,2982.4,8,2
31,5987.08,3556.85,6,3
25,3796.54,2295.23,5,5
45,18909.24,6603.95,18,3
55,9455.55,2833.14,8,4
18,500.0,651.49,3,3
46,7796.02,3622.88,7,1
37,5867.8,532.39,2,5
32,4390.59,1738.6,2,6
34,3060.81,655.71,3,0
46,17951.71,6090.46,14,2
48,17156.8,6837.42,13,1
25,2496.28,729.78,3,1
25,7322.81,1389.69,4,6
52,13784.98,6144.21,13,3
24,500.0,413.88,1,3
60,17668.18,5842.88,15,2
53,17830.74,7647.59,11,3
20,4665.78,688.19,4,1
31,3118.37,1307.06,2,1
34,3622.06,1261.12,1,3
18,1633.14,2284.83,4,1
55,5847.97,2687.4,8,2
37,5240.13,1626.23,5,4
31,5215.58,1216.42,4,5
24,3202.42,1467.23,3,0
38,8834.86,1916.55,7,4
29,3240.55,826.77,2,5
53,17527.2,7256.76,15,4
35,8205.2,3190.67,9,3
32,500.0,2393.41,1,0
29,4299.54,634.82,1,0
19,500.0,1099.43,0,2
39,2981.3,1331.28,0,0
28,9531.9,3645.19,6,2
28,3302.1,943.59,3,0
18,2490.73,2189.64,3,1
55,18058.07,7562.45,13,4
34,7772.78,881.99,8,5
47,17854.58,7389.3,18,1
21,4048.01,0.0,5,1
38,5187.33,477.08,3,5
30,8097.92,2562.63,7,3
65,20171.19,8059.7,10,3
34,2489.05,1674.49,6,6
36,4735.94,1962.16,3,5
69,21944.2,4877.16,11,2
63,18315.73,6003.51,16,3
34,976.87,561.51,4,2
46,9918.08,3088.45,9,2
58,16329.77,8138.03,19,2
28,7511.8,275.62,5,6
42,1156.37,1164.03,0,0
41,921.23,0.0,5,4
51,16783.14,7854.94,15,3
45,13714.37,7307.46,15,2
34,3279.09,476.16,5,6
31,7778.36,1053.51,2,5
26,4614.97,1492.74,4,6
37,6814.98,4166.13,8,2
24,2126.15,954.94,4,1
38,7587.52,4277.07,6,0
41,18940.27,7885.07,13,2
20,500.0,2266.75,1,1
18,1656.37,694.79,0,1
18,4820.49,1882.63,5,6
40,8985.87,3826.47,8,4
56,18198.35,5741.34,14,2
46,5824.04,3609.63,7,1
24,3958.3,1982.82,6,0
23,4732.72,1326.46,7,8
52,5347.98,420.74,6,2
43,16892.73,5798.96,16,3
30,1981.98,0.0,1,2
41,17442.26,6405.6,17,2
40,11636.24,3714.64,7,2
34,3241.89,1842.41,3,3
24,500.0,0.0,5,1
55,6745.3,4974.29,6,3
18,10638.68,4076.66,6,2
29,6771.88,3242.44,8,3
18,3531.99,0.0,1,1
34,7061.46,1941.52,2,6
51,15964.39,7970.65,13,2
46,4342.46,2152.36,3,6
50,16047.32,5955.22,14,2
35,2246.56,1666.1,5,7
39,8735.47,3587.92,12,2
68,19101.41,6631.33,13,3
31,3217.85,168.55,1,2
42,2874.92,1884.42,9,2
37,727.04,0.0,3,0
20,1360.3,370.46,1,2
48,9563.91,2587.79,9,2
57,18715.19,6271.22,11,4
37,16948.62,6825.52,15,4
56,14659.67,6554.56,14,4
25,3970.22,719.91,5,6
40,7990.64,1888.61,7,4
48,8651.26,3962.43,6,3
30,3162.7,1031.88,1,4
54,10327.13,5176.74,5,1
42,5582.93,4250.44,10,2
63,15749.62,6336.05,15,3
55,14890.09,8213.71,14,5
37,11203.91,3652.96,9,4
61,17171.77,8105.77,12,2
27,1130.36,1817.13,2,5
33,2577.38,1952.14,0,2
39,3619.04,897.01,0,0
20,6993.71,3151.41,5,4
38,8499.72,4066.96,7,3
21,500.0,464.46,1,2
18,3735.18,293.96,4,1
46,7143.6,2939.56,6,3
42,8123.81,4883.75,7,3
55,18989.61,6228.88,14,3
26,9739.04,3753.12,9,3
30,17875.68,7640.85,17,4
40,10295.69,2525.38,8,1
50,16062.17,8534.77,16,4
21,500.0,1882.68,3,6
47,17839.25,7086.25,12,3
28,8709.47,2985.61,8,2
63,18329.19,8545.88,17,4
52,17553.53,6024.86,17,2
34,2380.6,1411.72,2,1
25,500.0,0.0,3,4
53,7240.06,3474.5,7,2
50,15787.7,7595.13,15,1
55,17470.94,7036.79,16,4
48,7038.55,3923.6,6,2
44,15642.84,6003.28,20,3
63,20365.08,7673.18,12,1
28,6492.97,4041.07,6,0
45,1343.69,1320.61,1,2
28,2311.99,258.99,4,0
46,16047.23,7530.42,14,5
51,5586.38,3103.06,9,2
44,15299.59,6883.3,17,3
32,1636.05,0.0,5,1
68,16493.69,6570.28,13,2
30,2117.35,2239.5,0,0
42,9064.29,3977.69,8,2
30,1343.28,1080.5,4,1
42,11109.4,3598.5,10,3
41,9892.52,4990.85,6,3
50,14546.4,7397.67,14,4
46,10047.27,4263.58,6,1
18,1680.36,0.0,6,1
22,1880.01,206.01,0,0
35,12218.3,3559.7,6,2
39,8420.11,394.2,1,4
18,1849.28,1450.33,0,1
41,4893.54,2733.49,7,5
43,17032.55,5019.08,13,2
44,2926.41,1463.59,5,5
55,18019.87,6827.75,19,2
32,9114.79,2120.13,6,4
38,9839.87,3502.54,4,1
36,10092.74,3788.41,10,1
48,10927.12,2626.15,7,2
21,7967.85,16.94,4,8
25,1991.36,1351.12,0,2
37,3209.8,0.0,0,0
51,15709.17,4895.03,18,6
40,8515.46,4932.87,7,2
35,8220.9,3058.62,9,3
25,500.0,696.34,2,1
46,9343.55,4920.13,6,3
46,9771.13,4140.1,4,2
29,6638.91,3001.16,3,9
20,3007.87,400.83,0,1
48,7002.19,1792.7,5,2
22,4752.28,383.53,0,5
18,3358.88,1605.6,2,1
28,5277.81,2697.06,11,4
36,16580.8,8291.02,13,3
36,6660.48,755.39,3,5
49,19987.88,7632.13,15,4
61,16299.58,7970.96,15,3
31,500.0,589.84,0,4
47,16900.08,7883.54,10,5
55,16614.32,7600.73,14,3
39,5597.84,3314.08,7,4
50,5211.13,261.43,6,4
29,500.0,0.0,3,0
34,3191.27,1372.43,4,6
44,7758.25,2608.81,9,3
27,1482.24,1343.03,2,1
52,17615.21,8124.74,12,0
18,2736.81,1444.03,4,2
39,2327.91,0.0,3,0
60,15283.67,8762.07,14,2
35,5352.69,849.09,7,6
36,3644.18,1344.13,1,1
49,16014.67,8271.85,15,4
18,1499.03,1816.39,1,0
56,14950.35,6888.94,13,4
38,7407.81,1053.99,3,5
54,17674.77,7331.13,17,3
29,6458.43,0.0,4,0
32,8200.37,5457.12,7,3
43,1550.93,1395.0,3,1
29,1787.03,1720.97,4,1
37,9343.0,2761.2,6,2
31,5984.8,856.46,1,4
22,4093.04,2172.23,5,6
18,3145.13,91.73,2,0
49,16582.07,7504.47,15,4
39,9103.38,5084.35,6,4
37,9593.83,2901.33,7,3
44,6089.25,2885.26,3,6
30,3099.03,1280.21,5,4
36,6949.94,2600.48,8,2
23,4331.72,88.0,1,0
38,5726.41,710.25,1,0
37,9630.76,3675.02,5,1
30,5922.82,0.0,4,5
30,5077.92,1489.02,5,3
39,5886.52,1111.82,5,6
41,17455.27,8072.35,10,4
45,18234.05,6838.1,14,4
42,9607.58,2547.62,5,2
31,2901.25,2024.71,3,2
40,7534.03,3304.58,9,2
52,16461.57,7593.78,15,2
42,18453.72,5457.18,11,3
46,8910.05,2938.1,7,1
36,8992.94,3990.16,9,1
33,3896.37,0.0,0,0
47,16461.42,6300.79,16,4
48,8444.9,4664.29,10,2
57,20749.36,8953.6,15,2
34,5792.18,2208.56,4,3
38,6678.91,3552.27,6,4
25,3705.78,1529.64,2,0
67,15656.14,6662.27,14,2
43,5145.22,2358.65,3,4
23,7385.11,482.58,6,7
27,1794.27,754.48,1,0
66,15781.03,7797.36,17,3
27,7753.18,8.27,0,6
29,8057.89,1826.77,2,5
39,12404.47,7062.43,13,1
18,2599.72,677.22,2,3
57,20495.13,7920.09,14,1
49,7651.52,2955.91,6,1
33,4388.03,1252.43,3,6
54,8334.81,3946.57,5,1
42,2986.84,1441.05,3,1
33,9563.49,1749.82,5,0
18,2267.27,2587.72,1,2
23,1609.66,1252.97,0,2
26,3265.9,1325.94,2,1
43,14535.26,6868.39,12,3
18,2064.22,49.04,2,0
53,18003.37,7108.21,13,3
20,3132.29,1841.57,3,4
18,1137.3,0.0,3,2
50,16253.5,6276.63,14,1
27,1607.01,718.31,4,0
32,2928.25,0.0,0,1
23,986.22,0.0,7,2
52,16030.08,7715.64,15,4
39,8520.32,4142.93,4,2
31,3696.82,1784.52,2,2
51,17491.67,7796.82,13,2
34,6343.71,4625.34,9,1
46,2875.09,3536.18,2,5
39,2049.08,1205.47,5,2
31,6968.13,1327.22,0,7
29,971.99,338.25,3,1
33,5196.89,215.52,3,5
44,7003.97,1662.08,0,4
55,10197.3,4218.81,6,4
26,3373.6,2654.09,1,1
21,3788.35,189.61,6,7
31,4559.87,524.61,3,6
29,8168.61,2806.3,10,3
27,2151.41,1241.27,0,1
28,4557.52,958.19,1,1
49,17504.33,7330.94,12,1
50,19567.73,7473.37,14,4
18,1148.71,1544.69,2,1
32,4871.36,509.7,0,2
47,6507.58,4180.63,7,4
18,4043.53,1487.2,2,1
56,9417.82,3444.83,5,2
30,9281.97,2989.52,10,2
31,6041.04,2431.27,1,4
47,16342.25,6588.51,15,1
24,1026.52,48.52,3,6
28,3244.7,1114.46,4,6
54,17006.75,6966.13,13,2
48,16913.13,8573.3,16,3
43,10153.55,4371.16,11,3
45,8386.42,3681.94,5,2
62,15123.89,6919.76,15,5
34,500.0,0.0,3,1
47,767.15,1766.04,3,6
25,4686.12,1924.02,1,0
21,3252.57,2657.59,2,2
25,2878.19,2214.81,1,2
30,7662.55,5048.7,7,2
39,7365.73,4160.74,12,3
45,8928.83,4648.79,11,3
34,1740.72,240.57,4,1
76,16883.61,6219.94,18,4
40,6923.39,3749.73,9,2
65,16865.64,6795.93,13,3
48,8030.29,4353.62,6,4
27,500.0,1378.04,2,1
35,4452.32,1030.58,0,2
59,15361.47,7288.21,14,2
32,16067.67,7448.29,13,3
18,4216.26,0.0,1,3
44,10334.6,3028.06,7,3
52,19897.14,7002.15,15,5
26,5378.73,371.97,2,4
41,11718.45,3482.54,8,2
27,2058.72,0.0,1,1
28,6396.27,2351.36,4,6
37,1913.07,1057.6,1,3
33,4388.57,1234.91,2,5
19,3094.64,0.0,0,0
44,4329.6,3280.34,5,3
18,1904.5,269.16,0,2
55,15283.7,6424.2,14,2
41,3036.88,1387.17,4,7
18,2634.56,1477.99,1,0
35,8069.62,5697.95,10,1
26,1442.12,638.29,6,0
22,5360.22,120.54,1,0
34,989.89,0.0,1,2
26,6744.9,4626.38,9,3
18,2833.28,880.14,3,3
47,3803.99,1544.58,4,5
55,14805.07,6161.87,16,3
37,3344.9,0.0,1,2
54,17562.82,7843.26,12,4
41,3623.88,3169.73,1,5
41,7749.4,884.53,5,5
61,16995.88,7053.2,10,3
24,2849.54,203.63,1,3
42,10091.5,3001.41,6,2
39,8288.64,1428.09,4,5
35,5686.25,735.19,5,4
18,1531.71,558.89,1,2
53,17252.58,6873.66,17,5
30,3576.34,763.03,1,1
34,19711.74,8760.88,12,3
39,2743.22,1052.59,2,1
54,19080.53,8275.48,13,4
25,981.07,559.29,0,2
24,1185.62,0.0,3,5
35,3085.02,373.41,3,6
58,15043.45,6385.57,12,3
28,6763.77,2195.42,3,5
24,6981.19,2997.15,2,5
27,4467.06,0.0,1,4
45,16880.96,7536.9,13,2
22,1955.91,0.0,0,2
36,3129.02,513.31,3,5
25,8240.99,2633.02,6,3
51,7487.88,3633.88,6,1
49,19651.83,7706.8,16,3
56,16904.5,7167.17,13,1
51,6569.52,2437.6,8,4
22,2954.28,0.0,8,1
30,4255.92,1515.62,4,1
42,18665.63,7066.05,19,2
29,5618.45,7.11,1,4
49,17810.89,6667.21,17,3
36,7236.26,3053.23,5,1
26,500.0,850.88,6,0
29,7104.76,1810.55,9,1
52,16141.9,4531.59,15,3
39,3972.53,2235.05,4,7
28,8299.96,3342.24,11,1
45,8872.45,4283.26,8,3
30,5351.45,1264.21,2,0
41,8756.91,2577.86,6,3
18,3267.56,2625.44,2,6
24,4502.87,2054.55,2,6
38,16692.21,7765.51,14,2
19,2927.33,1027.53,3,1
44,15119.55,7972.41,13,3
60,19332.81,8865.74,16,4
44,4117.4,2567.28,4,5
18,1419.3,1770.65,4,1
35,5662.76,456.9,4,5
31,4605.02,0.0,5,5
35,9094.45,1929.57,9,4
24,1917.47,1643.3,0,1
58,15766.69,6806.7,17,4
32,1174.02,0.0,2,1
42,10288.93,3495.69,7,3
46,19739.78,4304.14,12,1
39,8136.07,3215.85,6,2
43,13940.45,7900.55,17,3
47,5883.49,1699.29,0,7
32,2850.35,1585.43,2,0
41,17167.54,6966.15,14,3
53,16738.59,6536.14,16,3
34,6205.57,3029.13,6,1
57,17041.17,6764.41,15,4
24,3114.21,161.45,2,2
19,5739.18,1060.98,4,4
39,5560.09,1571.28,5,5
22,4034.17,1979.4,6,0
51,15867.39,7007.86,18,2
51,17639.37,7786.43,13,3
22,6628.89,1130.25,3,5
47,16966.72,6083.46,12,4
25,4521.34,2371.13,0,6
57,15805.25,7118.66,14,3
37,9280.2,3545.88,8,4
53,15891.34,6879.78,11,3
27,7702.87,2940.21,5,1
61,16413.21,6107.2,16,3
40,10894.82,3527.58,9,3
34,4702.14,619.26,5,6
31,7468.57,2744.64,9,4
34,6823.79,3104.96,8,3
31,3918.95,250.99,8,4
36,10524.26,1714.13,8,2
29,4751.53,2004.26,2,3
51,5547.45,2147.66,7,3
48,18027.23,7664.31,16,5
33,8713.18,4073.22,2,2
25,508.29,459.45,4,1
49,15681.19,7261.35,11,2
37,9070.49,3997.52,9,2
29,2958.07,337.35,3,5
30,8146.53,1953.34,4,3
34,5128.61,330.29,0,6
20,8289.91,1060.32,5,7
39,5413.33,0.0,6,5
43,17259.43,7245.53,14,1
39,9985.98,3315.24,8,3
27,7156.67,4684.29,5,4
25,4139.91,1790.49,0,1
34,500.0,1510.53,0,0
43,6681.87,2607.62,6,3
22,500.0,1485.18,3,1
44,4110.14,267.14,3,5
61,14343.16,7606.46,17,3
37,9355.6,2518.07,5,2
52,18080.75,8827.52,13,2
21,500.0,1888.37,3,2
29,9962.23,4406.5,12,4
36,500.0,0.0,3,2
29,500.0,316.38,5,0
52,17191.72,6754.88,13,1
57,18791.63,7016.02,14,4
20,5552.89,288.79,5,8
23,500.0,1334.96,5,2
36,4872.89,3950.63,10,2
31,2044.92,1824.27,6,5
39,8144.19,4076.59,3,0
37,9713.45,3407.33,4,2
44,5075.56,2950.49,10,3
48,17577.3,6391.88,16,4
27,4701.72,528.95,5,8
18,500.0,897.8,4,2
40,5236.87,1050.31,4,6
27,3083.79,896.62,4,0
40,17537.94,7474.03,13,1
59,15313.03,7640.95,12,4
36,9364.61,3887.12,5,1
28,6753.73,4936.04,9,1
49,5869.11,3760.49,6,1
46,16928.56,7009.32,14,2
37,8368.93,5416.17,8,3
43,14839.73,7716.54,11,4
52,16128.62,7472.35,12,2
48,8029.31,2213.44,4,4
35,3327.97,1889.07,2,1
30,3357.34,612.93,4,1
38,4064.12,0.0,6,4
48,15677.6,7555.12,15,3
34,1311.56,709.28,0,1
30,4633.82,1314.25,2,0
18,8608.97,3771.88,4,3
36,4659.74,564.81,4,4
29,3959.65,1157.78,1,1
52,17562.28,6882.4,12,3
48,16605.18,7399.11,18,2
41,10645.53,5178.67,10,3
38,5891.66,4158.97,7,1
32,3181.35,1346.88,2,1
33,4045.5,1114.42,0,0
22,1094.32,2063.95,3,2
23,1931.04,804.42,2,3
24,1697.16,37.89,0,2
31,500.0,2406.55,3,1
25,1727.12,0.0,3,0
40,5119.55,209.45,3,5
28,8059.89,3300.36,9,2
54,16658.91,7689.66,11,2
22,1939.38,1790.69,4,6
44,10227.9,5377.47,8,3
27,3439.77,642.72,2,1
19,3578.51,1452.5,3,1
22,12207.35,2032.43,5,2
26,500.0,0.0,0,2
63,14917.21,6549.42,15,1
36,9918.81,3296.96,7,3
36,8777.16,3019.08,11,2
41,2060.49,1146.63,5,3
49,4401.68,1350.06,5,1
29,6222.99,3474.22,8,2
38,8502.27,4366.8,4,2
60,16939.11,8876.72,12,0
43,8010.79,2365.7,5,3
30,1309.26,1284.47,1,2
49,9087.75,5527.65,8,2
53,17777.74,6616.1,16,3
33,2186.09,0.0,5,3
54,18508.19,7715.42,17,4
42,2515.74,1256.71,3,2
49,16056.01,6315.31,13,4
52,18951.69,7013.01,15,2
28,4572.74,2367.02,4,7
33,9738.89,2729.82,8,3
55,18591.86,7003.75,20,1
20,3798.16,2309.71,7,0
44,17038.45,6387.85,11,1
57,16885.23,7403.38,14,2
47,9251.07,4453.6,11,3
37,3279.79,2258.21,7,5
18,500.0,1468.98,0,2
37,7520.72,2562.18,8,3
18,1597.62,0.0,0,1
32,5911.79,3466.13,12,3
37,4967.66,2406.8,3,6
41,6179.32,3444.03,12,2
37,6399.2,4122.47,6,3
41,2559.67,758.82,3,5
45,7986.65,4122.56,5,4
39,6370.44,1498.45,1,5
33,6482.91,50.81,3,4
40,6139.78,885.15,2,4
49,8537.96,3384.59,8,3
55,16997.34,7583.39,15,4
25,500.0,1415.04,5,2
35,1313.76,1243.05,3,0
40,1520.85,1964.69,2,2
49,17106.66,7893.48,14,4
37,9172.94,6021.35,9,1
46,8276.91,1624.17,5,2
38,5223.11,616.21,1,5
34,3800.89,2309.93,2,0
18,4669.4,2377.07,4,1
45,17047.47,7895.65,13,4
33,4248.13,1261.46,0,0
42,8900.01,4784.24,9,3
18,1297.78,0.0,0,0
38,2265.86,491.23,3,1
65,15468.56,6752.93,14,2
38,6645.02,4367.19,7,4
34,3381.77,573.47,0,2
56,6186.67,1219.36,3,5
37,8329.33,3990.96,9,1
60,18765.94,7539.67,14,4
37,8861.66,4147.7,10,3
50,6090.82,3587.88,10,2
25,3581.75,1435.27,5,5
31,8911.68,2730.83,9,3
58,17835.04,8306.98,16,4
31,500.0,870.12,0,1
45,16960.71,6448.06,15,5
53,15982.25,5264.68,14,3
18,4330.38,2454.18,5,1
43,16657.46,6038.77,13,5
18,2015.58,3013.97,3,0
35,2690.39,804.34,4,7
30,4071.28,0.0,2,1
22,2032.89,813.55,0,1
31,1042.6,0.0,1,1
51,6248.2,953.71,4,7
31,5466.18,147.94,6,3
18,4004.66,1973.71,5,0
28,3042.67,2623.15,3,1
58,17525.97,7824.81,15,2
31,8464.15,3701.62,8,2
19,1218.86,834.67,3,0
24,5123.69,1799.38,1,4
33,4642.86,0.0,7,0
39,8450.51,4141.29,7,3
24,2652.01,1435.37,2,0
43,8084.11,4845.85,5,2
41,17092.37,7159.61,12,3
28,5039.44,706.29,3,0
57,16580.62,6590.89,11,6
34,10425.84,972.68,4,2
53,17188.87,7874.99,17,4
36,2187.95,1769.72,5,5
33,5018.78,2028.38,4,5
38,5289.45,321.16,2,7
43,9315.84,3979.09,9,4
48,17211.8,8457.63,13,3
66,13709.49,7117.6,17,4
18,842.28,583.83,0,0
22,5441.75,3378.81,5,7
29,1557.32,3304.71,0,5
69,14298.7,7230.19,12,2
25,2024.3,0.0,5,8
32,4514.73,1000.52,1,5
37,1190.18,2275.11,2,6
27,500.0,41.01,2,1
30,500.0,448.65,3,0
23,1958.68,1986.44,3,2
49,11786.11,3043.25,5,1
48,6379.87,868.28,10,6
43,7210.51,217.09,4,5
32,3698.94,1113.42,6,1
29,3526.39,1641.03,4,2
39,7730.36,3310.07,6,2
36,1983.84,926.6,4,0
47,8602.25,2912.93,5,1
30,2877.55,1543.7,4,1
33,7244.43,3192.52,10,4
28,4927.56,1020.75,1,6
26,1080.81,0.0,0,0
25,7447.68,3088.21,5,4
37,3956.62,2339.47,5,7
33,4905.3,91.8,2,5
44,8753.94,4696.69,6,2
43,15365.64,7205.66,11,6
42,2591.06,875.44,5,1
25,3552.79,1696.36,1,3
37,8556.75,3308.29,6,3
18,3010.37,2123.15,2,0
38,6982.42,3525.15,5,2
49,15354.89,7304.21,13,2
44,19485.67,7948.52,10,4
18,2787.09,1996.16,2,3
33,3519.36,1619.8,2,2
32,1338.45,1284.15,1,1
65,17803.59,7264.34,13,4
59,14889.16,7828.4,12,5
35,6878.18,2926.91,9,3
19,3352.23,369.81,4,2
35,5675.15,3293.66,5,4
35,3894.5,122.27,1,1
37,10275.91,3457.27,8,1
49,17036.6,6009.64,15,4
24,5951.09,2179.23,6,5
33,5511.88,1417.26,0,6
31,4334.0,74.67,1,4
43,8712.24,3694.22,9,3
41,8483.07,5616.57,6,0
59,13913.27,7141.12,11,3
62,19830.26,7066.6,18,2
31,500.0,370.77,4,1
49,18530.36,6994.78,17,4
41,8781.6,3095.11,10,4
31,4193.82,690.94,5,3
35,7505.12,4829.02,7,2
50,18030.98,6648.43,15,4
48,3984.92,114.01,4,7
33,3878.5,830.19,2,3
26,4933.85,1815.32,3,5
18,1714.4,1361.15,4,2
26,500.0,0.0,1,1
45,19742.1,7744.11,13,5
45,12781.61,4829.41,7,1
47,5632.76,2955.28,8,2
50,6832.66,4568.78,6,3
27,7264.7,1109.86,11,0
34,9369.28,3865.09,10,3
42,7623.43,3213.42,8,4
27,8139.48,2128.32,0,5
49,16762.5,6944.26,13,4
34,9180.84,4117.02,7,3
37,6233.76,2336.79,3,6
52,17278.05,6779.08,18,5
40,5432.32,0.0,2,5
42,3301.88,983.28,5,0
21,675.12,1408.2,0,1
54,16677.99,7029.92,10,4
31,3635.23,385.11,3,2
33,2167.25,789.79,5,0
25,7510.94,2974.87,10,3
25,2132.56,553.61,1,1
49,10595.42,4064.73,10,2
27,5420.33,1876.66,3,4
22,6482.15,1123.67,2,4
51,15091.01,6549.26,15,1
18,1228.14,273.87,0,0
62,16895.18,8244.71,15,3
36,4723.61,0.0,7,3
42,17957.14,8918.24,13,3
55,17155.33,7391.63,14,3
18,500.0,105.09,5,0
40,9280.7,3271.94,9,3
18,500.0,1606.24,4,1
29,8155.95,5363.27,9,4
42,7087.01,3703.35,5,3
21,4347.53,0.0,3,2
48,9801.0,3066.28,8,4
49,13705.6,7634.81,12,2
41,9571.13,4528.57,8,5
18,500.0,43.61,0,0
37,6766.23,2248.26,1,8
37,1695.84,1104.48,0,2
41,6836.61,3920.24,4,2
37,4794.38,1469.78,6,6
32,12192.15,4476.59,10,3
39,15651.88,9580.44,11,2
40,8102.81,2747.47,9,2
30,6567.16,1463.39,3,4
46,14507.15,8355.72,16,2
29,5893.65,1458.35,5,6
55,17726.67,5991.47,14,2
24,500.0,1890.28,2,1
29,2038.07,1049.58,1,0
38,9810.29,2530.97,5,3
18,1073.19,636.86,2,1
42,10429.54,2998.78,5,1
45,10938.09,2528.91,7,1
29,7154.41,1649.52,0,5
33,7665.73,2864.39,6,4
40,10873.24,3556.17,5,3
53,15878.57,6055.98,13,3
22,500.0,1737.65,0,3
63,18338.75,6517.84,16,4
27,500.0,1088.63,3,1
36,6914.29,3411.76,9,0
39,5062.04,1249.09,6,5
39,1443.13,2150.66,3,0
56,17174.65,6719.79,15,2
47,7588.93,4846.2,8,1
51,19377.89,6606.56,14,3
50,16528.38,7806.63,12,3
54,18668.14,6399.19,13,3
31,6268.59,1464.49,3,4
49,17022.3,7118.09,14,2
30,6780.25,1721.74,4,4
26,3315.37,629.59,0,0
39,6541.53,3750.32,6,3
23,4629.27,1620.05,0,3
57,20203.53,6672.11,14,3
55,18090.47,8296.71,14,3
37,4579.18,868.66,6,5
58,17896.05,8012.93,14,6
55,16357.64,7551.64,15,5
54,13284.4,8216.43,13,2
32,4121.53,670.18,3,5
26,5456.18,1562.3,6,4
44,8431.34,4438.47,8,3
31,5827.63,631.85,5,4
31,8215.93,4043.82,7,3
45,5861.66,1110.5,5,4
32,12197.65,4996.17,9,2
45,8279.62,3634.98,5,2
31,2595.97,735.22,1,2
30,869.45,791.99,3,0
54,15123.0,7778.68,15,1
31,6734.86,5090.68,9,0
37,8399.8,2515.51,8,2
24,500.0,0.0,2,2
20,11034.46,4070.7,5,3
49,18997.63,6633.4,14,4
21,2726.6,0.0,4,2
18,500.0,4227.25,1,3
24,9268.93,1997.22,0,1
36,7579.59,4555.95,8,4
50,4518.44,1022.79,1,7
18,2651.47,857.3,3,0
50,16328.09,6701.49,14,5
35,4465.19,2009.49,6,5
39,4775.57,3149.07,5,5
26,547.71,751.12,3,1
51,19133.44,8137.6,15,4
33,5587.39,621.11,4,5
52,20472.71,5595.38,14,4
44,9182.26,5101.05,7,2
40,8006.25,4725.93,9,3
35,8550.82,3044.23,8,2
55,15781.58,7263.42,14,4
59,7411.97,3909.71,8,2
41,8860.8,3261.74,8,3
34,9157.71,3619.32,10,3
25,3802.93,1972.02,0,0
30,4718.42,2008.2,5,4
37,9539.79,2978.39,7,1
25,3235.45,1645.26,5,2
20,5154.35,1742.7,0,5
39,7930.97,2924.45,9,3
57,15064.28,7495.49,13,3
46,9166.08,2496.32,3,4
26,2432.5,1068.76,0,6
26,8472.9,2546.46,4,6
32,7177.36,547.46,4,6
60,17109.99,8017.96,13,3
43,19951.81,8076.07,11,3
49,8487.13,3685.25,5,3
18,6763.92,0.0,4,5
48,7820.3,2393.12,7,3
24,500.0,262.52,3,2
33,6008.61,1786.89,3,7
41,21124.26,8131.55,14,3
18,2665.05,0.0,0,0
22,2785.86,670.04,7,1
43,17568.57,6746.93,12,1
51,8780.9,3519.51,11,1
27,10036.93,3490.83,7,3
48,15742.58,7207.18,14,1
50,17782.14,7701.25,11,4
43,15475.7,8150.69,15,5
34,2553.72,691.15,3,5
31,5763.0,4327.14,8,0
44,17935.24,6726.99,14,4
30,4346.23,1193.6,4,3
46,15805.86,9495.87,15,4
53,17322.95,7835.73,18,2
52,17282.94,7620.0,12,1
45,6371.79,2114.83,8,6
36,7412.71,5549.7,4,1
41,10444.7,2342.92,10,2
27,3044.0,559.59,3,0
18,3823.07,1983.53,5,9
62,13272.4,10003.96,11,2
43,7478.85,4567.01,10,1
31,3159.64,0.0,1,1
57,12078.7,4474.96,10,4
33,4002.44,1446.02,4,0
38,8324.14,966.87,9,4
25,500.0,0.0,1,1
34,3791.14,1100.01,4,0
47,6433.63,4239.22,9,2
19,5850.19,0.0,1,1
38,2750.12,0.0,5,1
21,1467.93,751.96,1,0
52,7966.38,3458.54,6,3
52,20551.38,7638.93,11,4
36,5851.86,1266.91,5,4
64,14873.29,5544.52,11,2
42,1054.48,2648.64,0,2
51,16000.16,5889.25,11,2
43,5861.94,3035.19,8,4
35,3963.67,183.32,2,1
43,4044.37,1759.9,9,3
29,7731.73,5636.43,7,1
37,11931.91,4831.73,10,3
32,2719.05,47.44,1,1
31,1977.09,764.81,0,0
23,500.0,0.0,0,2
65,19012.83,7534.62,14,5
28,7568.8,4458.28,10,2
40,2280.58,54.25,5,2
36,9420.75,3111.01,7,1
48,7238.41,3613.11,8,3
56,8604.77,3271.94,9,0
35,1736.35,0.0,4,2
53,19065.34,8530.14,14,4
29,2445.68,1215.57,4,2
45,8472.96,3902.55,11,2
40,4904.98,2052.72,9,2
31,2935.04,1497.76,5,2
23,2205.79,0.0,2,4
45,8664.95,5198.94,8,0
49,10809.51,3916.64,8,2
27,4639.48,960.45,3,2
46,16250.49,7978.24,16,3
44,7333.4,4426.29,10,2
41,9888.14,3613.12,7,1
29,4085.63,510.66,4,5
58,15071.36,7597.69,17,2
68,16632.5,6984.51,14,2
41,12527.72,3324.2,7,2
70,19365.07,8714.9,12,1
30,831.08,1681.16,3,0
24,8619.13,3980.66,4,3
31,500.0,1523.95,3,0
47,16729.39,6173.58,16,6
42,8142.36,4366.07,6,2
43,8725.41,3241.96,9,2
32,4965.68,1424.5,2,5
33,8664.17,2989.11,5,4
40,5562.88,3885.06,4,2
42,6145.69,2464.07,11,1
22,4857.94,738.06,4,4
49,20305.69,7015.22,14,2
34,792.16,0.0,5,2
56,17436.5,7613.91,12,3
49,17735.72,8110.82,12,2
42,6664.11,1839.24,6,3
41,9019.44,4112.84,8,3
54,14074.89,7849.12,16,1
39,9730.04,4229.0,7,1
41,3446.78,0.0,0,0
34,500.0,1456.73,5,1
36,1550.2,781.6,6,4
58,14810.65,8026.72,15,2
57,16046.56,8044.61,15,2
37,8835.03,3304.16,7,2
42,19717.81,7399.22,11,3
36,6168.66,1284.2,4,8
23,3398.41,509.72,5,3
39,8024.1,3493.67,5,3
27,4728.75,3213.76,7,5
54,19187.03,6707.87,17,4
19,1660.91,1844.62,4,2
19,3445.47,0.0,4,0
31,2950.76,2172.4,5,2
47,16115.14,6713.26,15,4
31,8359.84,3240.78,9,1
55,9957.03,2744.04,8,1
33,2714.45,539.66,2,1
66,14051.03,7271.47,12,3
29,2622.24,0.0,2,0
26,1436.97,619.84,3,0
26,1868.32,1785.14,1,0
20,500.0,1625.01,2,1
43,8918.09,4914.83,5,3
56,15722.23,6718.32,16,3
27,6553.19,3250.25,5,2
47,4514.21,203.99,4,5
30,7350.83,4479.89,11,2
23,500.0,0.0,2,1
21,4789.97,2074.52,1,0
34,991.88,1478.4,1,2
35,6979.78,932.39,3,4
49,5658.1,580.57,3,5
19,1797.52,1425.54,2,2
34,3462.38,0.0,1,1
41,9488.97,2691.04,9,3
41,14430.9,5975.94,19,2
37,9119.49,3966.09,7,3
37,10149.54,3297.04,10,3
21,1090.07,309.47,2,0
34,4234.53,2314.11,6,5
32,1754.51,972.11,0,6
69,18084.74,6900.61,14,3
39,8241.25,3508.09,8,2
31,10018.89,3163.04,6,2
38,2966.77,2302.06,3,5
39,3905.76,2902.63,0,6
39,8677.29,4448.54,3,4
60,16922.72,8395.39,14,3
43,5354.37,2439.12,5,5
29,3260.8,1524.0,2,0
55,16073.57,7655.48,14,3
22,500.0,1672.27,3,2
45,6937.77,4164.64,6,2
50,1899.02,1685.58,2,1
18,6300.46,538.68,0,0
34,9767.58,3822.48,7,3
23,3524.51,1808.21,4,3
43,1295.53,1270.9,3,1
18,2373.94,750.93,2,2
34,4400.73,0.0,1,2
54,17482.82,7006.69,12,2
44,14562.85,5956.24,20,3
19,560.06,866.82,0,1
49,16274.18,7340.69,13,2
45,8464.53,4121.64,8,3
43,7808.4,4141.25,11,3
35,5703.43,861.85,2,7
28,3997.57,58.39,0,0
66,16486.0,8466.0,17,3
19,4276.87,2031.5,1,7
29,5676.3,0.0,0,1
24,768.45,1514.23,1,0
31,6359.61,1046.95,1,5
29,4621.81,0.0,8,4
65,14301.85,6122.71,13,2
22,6831.63,1771.17,0,1
32,1252.54,216.29,1,5
31,9783.4,3760.8,4,3
30,4565.81,2276.73,2,4
39,8123.29,3514.51,8,2
45,7337.23,3097.88,6,4
56,16628.51,7702.33,16,3
38,5209.5,485.54,3,8
25,7414.19,2977.15,5,2
45,7873.47,3784.85,10,0
43,2937.65,820.0,3,5
35,19416.63,7724.66,15,4
27,500.0,1229.68,2,0
25,4165.17,569.77,0,1
44,5046.14,1711.52,1,2
42,7303.01,2748.22,9,2
37,6264.93,262.98,4,6
31,7602.84,4046.09,7,1
40,5217.37,5905.33,4,5
24,6672.26,5915.29,5,3
55,16811.69,6963.15,14,5
38,4518.6,2144.35,5,3
33,1935.28,1751.93,6,0
65,15121.9,7478.89,13,3
59,17694.08,8245.4,16,5
44,3276.62,2005.21,1,6
45,9734.97,2811.64,8,2
42,10422.71,3115.45,7,0
45,17684.15,7043.16,12,2
48,14041.03,8756.91,15,3
23,3936.5,0.0,2,7
42,6459.3,1524.93,1,6
24,7684.02,2463.77,12,3
18,2631.53,0.0,1,2
41,5901.53,1444.43,0,0
22,2253.48,116.13,3,2
18,2695.98,135.98,1,2
41,8266.13,1717.65,10,4
37,2269.58,1121.23,2,6
18,3286.24,2145.27,4,0
35,8818.61,4423.26,5,4
29,2226.66,1054.57,3,1
48,11567.53,3018.97,7,3
31,8052.14,1080.68,3,5
30,9693.5,2911.09,7,3
45,16057.18,7346.07,16,2
43,13686.28,5254.79,13,3
52,16297.84,6649.25,10,4
32,4040.35,623.04,5,6
38,3617.69,1585.63,2,1
38,1765.82,674.75,1,1
58,7569.19,4833.58,7,0
65,15059.97,7710.87,15,3
46,7894.86,2127.79,3,5
71,15681.29,7686.62,16,3
35,2841.71,1993.28,0,0
24,1817.21,0.0,5,0
18,500.0,1433.83,2,0
41,4919.45,1441.6,4,7
31,8660.26,3071.13,7,0
20,2657.32,2660.78,6,0
45,5074.78,1036.88,0,6
37,3366.81,1426.11,4,5
48,4717.97,2171.58,2,5
51,14918.49,6931.62,16,1
23,4233.63,275.54,2,1
33,1204.19,1114.94,0,1
65,9766.33,4000.07,5,1
33,8001.89,5131.41,7,2
28,1866.03,774.29,1,1
43,500.0,0.0,5,3
51,10393.37,4529.74,8,1
40,1510.52,2497.75,2,0
54,15550.74,5763.68,17,3
58,16745.22,5268.65,13,1
46,18189.2,5661.81,8,3
51,9527.77,2792.78,7,3
34,4401.58,1630.53,2,8
46,5933.35,2921.08,6,4
34,6752.18,3109.13,12,3
30,7402.65,3934.0,7,4
30,9096.26,3059.92,9,4
31,1208.43,1203.98,0,1
27,1280.85,1048.49,1,1
43,17505.46,7490.82,17,4
18,500.0,839.09,0,0
49,16967.88,6717.64,12,2
52,10209.67,4209.75,7,2
53,16213.42,6390.13,15,4
51,17514.31,7091.93,11,5
39,8761.99,3763.31,7,4
59,18374.03,7779.19,12,4
18,500.0,1133.21,3,1
54,15420.02,8271.93,14,5
26,1770.23,157.89,6,1
53,18497.95,7611.54,11,5
45,8709.37,3166.87,9,4
34,8554.83,3434.4,8,4
32,7926.43,3333.98,10,2
36,10853.75,3312.05,6,3
44,7933.96,3782.64,8,5
26,6468.64,0.0,8,8
18,2788.45,0.0,3,2
30,1078.6,1451.98,1,2
49,16179.72,6351.65,15,5
39,9015.35,3982.66,10,2
38,10687.94,3573.64,6,1
57,18552.07,6649.69,15,3
46,8805.86,2154.73,5,1
60,16495.45,6870.4,11,1
18,2294.27,650.65,3,3
22,3305.97,1272.12,0,1
34,7926.68,2536.17,8,3
64,17429.46,8285.56,14,3
55,21654.44,7826.04,13,2
46,18455.07,5978.3,17,4
18,3323.23,0.0,0,1
38,4147.93,621.64,4,1
44,17696.15,6566.52,15,5
18,500.0,2623.06,3,2
77,19535.65,6311.38,14,5
40,5587.33,119.45,3,0
32,6145.26,2268.89,2,6
51,4290.94,3884.61,7,1
26,7938.51,4588.29,11,2
39,5826.93,4347.2,12,3
32,5225.48,741.5,1,0
26,10591.65,4346.27,9,3
21,2805.32,1360.94,1,1
42,8140.66,4957.68,9,2
32,7824.46,5523.26,6,0
52,18875.81,6801.17,12,4
64,16946.79,7272.71,13,4
55,15484.53,9299.43,14,0
18,8002.14,772.02,2,0
57,17279.06,7488.22,18,2
42,2240.66,1165.02,1,0
46,3296.06,3176.35,2,6
30,10040.08,4213.64,6,4
25,500.0,1729.96,3,1
18,2363.57,1563.73,1,3
28,1532.95,1448.09,0,1
48,8379.9,2464.37,7,2
55,7326.76,3646.79,7,2
21,500.0,1091.84,1,0
29,2936.43,1909.89,6,5
45,8605.51,3516.1,11,1
49,17253.97,8179.29,13,4
41,22632.89,8654.68,13,3
31,500.0,0.0,6,1
50,17065.72,7170.58,14,4
36,8605.46,3018.22,10,1
33,15184.89,6590.94,16,3
18,599.87,132.06,2,0
39,3112.66,1252.91,1,2
28,10829.4,3260.41,11,4
33,9152.84,1819.18,3,3
51,18119.87,8673.8,14,0
41,16469.47,6947.95,16,3
37,5104.32,751.91,2,7
28,9810.52,3550.56,6,2
18,1760.79,847.94,4,1
28,8699.3,2952.21,10,1
32,2684.47,1212.99,0,0
48,17412.28,8909.56,7,2
42,17499.37,6658.05,13,3
27,8113.69,0.0,3,2
56,15956.03,8242.82,12,0
40,500.0,1549.36,0,0
30,5918.11,643.39,5,6
55,7300.35,3666.01,4,2
35,9702.54,3180.64,7,1
33,6562.47,75.09,1,5
41,20164.35,5833.28,15,3
49,6400.43,3771.69,8,3
29,13007.29,2506.22,8,3
47,19303.01,7776.92,12,2
18,1717.02,406.05,1,3
31,8394.85,347.47,0,5
35,4490.63,2400.39,0,3
36,8542.29,5763.39,8,2
61,16405.79,6986.51,8,3
26,1661.21,1620.0,1,2
42,8040.95,3040.72,5,3
31,8566.16,4307.68,10,2
37,7851.05,4705.92,12,0
29,9686.33,4789.21,8,2
33,500.0,1963.69,0,1
28,3968.68,0.0,0,2
31,6303.79,1115.49,0,4
25,8276.94,1116.57,3,6
26,1323.47,2091.67,0,0
35,3536.77,771.6,0,1
57,6273.28,3133.48,7,1
36,1076.44,550.42,5,1
29,2941.33,1716.29,4,1
37,3782.67,3231.91,3,3
22,3852.08,1394.69,5,0
55,14380.45,6835.83,12,3
49,16240.74,8519.01,16,4
36,16316.42,7891.15,19,3
27,7098.35,1368.19,4,5
18,7426.9,0.0,1,2
50,17195.79,7258.15,15,3
35,2966.29,0.0,2,0
32,5332.12,315.92,1,2
40,10934.56,4631.88,7,4
56,16630.65,6165.88,14,4
18,500.0,2259.58,0,0
40,9275.95,2946.09,7,3
54,16089.62,7350.52,12,2
47,6966.18,2044.71,0,6
30,4514.78,1042.57,0,1
18,3436.9,2942.13,4,0
37,5098.05,621.13,3,5
40,8735.91,3281.11,8,2
36,8177.69,4626.54,7,3
45,9686.48,4143.16,10,3
50,21240.98,5956.19,13,2
50,7510.83,5149.23,9,2
56,17973.38,5325.66,12,4
41,17083.75,6527.63,15,5
62,14872.42,8077.28,12,2
48,7456.97,4230.38,7,2
46,3699.25,0.0,1,1
28,5061.75,2314.54,3,4
32,5494.85,1587.37,4,6
34,1940.35,707.35,2,1
39,16717.25,6267.82,13,2
36,5101.13,1548.62,6,8
46,9449.65,4229.64,6,1
24,2103.94,1796.22,0,1
23,8691.36,2014.6,0,7
68,19589.7,5498.42,14,5
31,2481.53,0.0,2,1
28,7540.65,479.0,3,6
38,9315.61,2874.36,8,3
62,18734.92,7061.2,15,4
40,19108.36,7270.71,17,5
18,2799.4,127.11,3,2
58,15937.36,6154.73,17,4
61,16868.6,6509.07,14,4
45,17309.17,5237.03,14,5
32,4004.79,3054.04,4,4
36,3982.01,1595.99,2,7
30,4636.7,1930.28,5,7
56,15357.91,7594.52,11,3
41,8343.67,1467.26,9,2
41,16819.74,7981.42,18,4
20,500.0,1785.99,4,2
26,3723.93,1626.36,0,1
38,9006.15,2686.58,5,2
23,1687.07,2501.6,2,0
53,16798.47,6621.84,10,3
29,6039.65,743.76,1,5
47,8733.84,3532.13,7,3
34,1946.92,1641.32,2,3
30,1548.98,1268.14,3,3
31,3111.15,450.98,2,1
33,8728.78,3690.82,9,0
51,4165.02,1523.66,5,5
42,3958.82,2544.77,5,5
25,7124.04,222.45,2,5
39,7745.15,4803.6,8,3
37,8009.56,3346.43,7,4
18,4725.26,626.47,3,1
22,2720.27,774.2,2,0
29,4464.4,536.49,5,2
35,4364.04,1028.98,3,2
54,8562.36,4692.34,6,3
48,8351.3,4837.0,8,2
31,9074.7,4387.24,5,2
33,1960.39,1510.3,6,0
28,2919.62,2900.95,3,2
18,3690.75,1406.09,3,0
41,1365.94,0.0,3,2
62,17499.91,5987.85,13,3
22,500.0,0.0,0,0
18,500.0,1988.17,2,2
58,13658.46,7553.24,14,5
42,18436.2,6524.18,15,4
19,1329.38,1089.74,2,0
57,17193.64,6287.01,12,0
45,8493.09,3560.19,10,1
42,8597.43,3963.01,9,3
31,758.56,353.02,0,1
29,1416.43,1146.22,0,1
35,8106.18,3370.97,11,1
31,1176.79,1161.13,2,0
23,3719.54,2571.92,3,5
37,7572.34,0.0,2,8
24,500.0,2007.53,0,0
26,1857.85,0.0,2,3
35,1057.07,717.96,0,0
57,17869.77,8081.83,15,4
39,14150.43,6971.64,11,0
34,6907.77,3703.6,8,3
35,17387.52,6782.54,13,3
31,8684.67,3073.21,6,4
50,16241.26,7236.45,11,4
67,15767.04,6152.81,15,1
46,14787.84,7027.77,12,2
54,20333.27,6348.47,18,2
38,11694.63,4358.74,5,4
40,20131.62,7885.93,12,3
36,8774.57,5568.72,9,0
29,3764.25,883.02,2,7
35,11026.78,4507.76,9,2
36,8002.04,3152.57,7,3
35,6951.88,4369.99,7,2
26,9019.86,4295.92,6,4
49,18184.09,8594.2,16,2
46,9030.28,2555.41,5,2
60,14563.82,7535.6,14,2
44,9648.45,2656.51,10,3
43,7495.68,1368.2,1,5
42,3710.63,240.68,0,5
52,14504.38,8224.07,15,3
30,6594.47,5100.98,7,3
33,5194.95,1002.63,5,1
24,2138.85,377.94,6,1
54,16794.09,6929.31,15,3
19,2607.64,1306.59,1,1
27,8743.82,3027.82,6,3
33,2121.86,597.41,4,0
24,3332.84,770.57,5,3
27,2353.96,535.3,2,4
37,3906.31,132.06,8,6
18,502.33,1189.74,0,1
55,17545.51,7001.26,16,4
30,6069.34,2096.6,4,5
36,10182.9,3550.63,10,4
45,9361.06,3747.61,4,1
31,1200.83,1793.48,2,2
25,3052.11,0.0,3,0
31,6149.67,3614.66,12,3
18,4501.64,921.88,3,1
38,1793.12,1555.79,7,1
41,8746.4,3406.26,7,1
51,17655.63,7637.55,13,2
19,3440.83,0.0,2,0
42,14707.92,6571.22,12,4
35,4700.86,2435.29,7,6
20,2462.42,60.93,3,0
65,15373.97,6354.14,16,3
35,4822.04,487.74,5,4
40,19720.24,6394.43,15,2
27,2221.35,1783.73,2,8
43,16957.57,7446.41,15,4
37,2330.13,0.0,0,1
30,500.0,430.0,4,1
30,3010.92,53.67,4,2
52,15276.65,6831.83,16,4
56,17199.16,6988.74,16,2
42,8825.32,3498.07,8,3
19,600.67,0.0,0,1
38,6095.19,3204.45,5,2
59,15448.63,7002.25,13,1
50,20086.27,6311.77,13,3
41,19618.93,5807.43,13,3
20,2384.8,2285.32,0,2
42,18792.24,7106.01,14,4
37,8936.52,2720.77,9,2
22,1289.56,1798.54,2,1
41,5715.68,1546.48,4,7
42,2378.97,3244.41,7,4
31,8529.23,2019.27,5,4
26,2830.14,991.88,0,2
25,1892.03,0.0,3,1
30,3508.8,2803.29,5,6
33,4279.61,1040.32,2,6
48,9063.35,3384.72,5,4
52,17995.03,7596.8,15,2
24,500.0,213.43,0,1
58,16862.66,6826.23,13,2
22,1649.54,0.0,5,2
38,4018.48,453.59,0,2
35,5156.23,3194.17,6,2
53,16721.54,7030.78,14,4
18,1113.38,304.22,1,0
46,8313.38,4174.91,8,3
50,15330.24,6131.39,16,0
40,8977.23,2578.34,7,1
46,7484.0,2650.03,7,2
41,3544.56,2238.12,7,4
33,5500.09,2426.47,3,3
36,9226.99,3393.45,10,1
57,17615.51,6370.75,12,5
47,18972.95,9016.67,13,2
42,4536.84,1174.53,3,5
25,500.0,1280.73,1,2
22,1071.32,809.67,4,0
21,2584.01,0.0,0,2
22,2404.73,1513.71,2,0
45,16364.33,7175.87,14,3
26,1671.08,1385.89,3,0
58,14210.31,8798.14,17,3
36,8698.21,4545.47,8,3
22,827.69,588.2,2,2
26,3942.42,1149.62,3,7
38,9139.87,2720.09,10,4
30,9532.51,3579.75,9,2
19,6119.03,2273.58,7,5
49,5324.33,876.47,5,7
30,3101.21,632.57,5,6
54,17010.43,7235.26,14,5
31,8642.28,1329.59,5,6
57,8815.19,2251.68,5,4
31,4766.71,1089.62,3,0
47,9414.15,3104.11,5,1
21,572.08,0.0,1,1
43,9732.42,3217.85,10,0
32,6119.34,4716.0,7,2
41,10013.06,4918.07,10,4
18,2095.67,1449.59,2,1
40,4492.37,4300.09,7,2
30,7915.73,1506.2,1,4
31,6321.93,2650.63,4,6
24,7634.43,3012.31,7,0
44,10443.86,2976.74,7,2
35,4210.86,382.66,5,6
45,15521.59,6303.42,12,1
46,4194.34,2136.01,6,6
36,1482.41,0.0,3,2
39,10437.72,3887.15,10,1
32,6740.29,2611.87,2,5
20,1064.86,1409.49,1,0
27,1877.85,583.96,0,4
19,5143.3,2002.87,4,4
25,5877.95,1745.87,4,4
49,16211.0,5995.3,13,3
33,6537.5,516.04,4,5
45,8959.15,4234.31,3,1
48,18687.08,6255.76,13,5
30,968.57,1358.07,1,2
44,17656.56,8938.39,14,1
50,16922.54,7516.08,13,3
27,4856.83,1811.38,2,6
40,6468.22,4866.55,8,3
22,5025.35,1763.33,0,0
43,9007.02,4125.22,7,2
28,4096.53,810.46,5,6
18,500.0,1285.85,2,2
44,17924.73,7117.08,15,1
22,1568.36,420.22,0,2
47,9520.83,2815.22,5,4
47,18297.78,7586.09,15,3
18,1845.5,661.69,1,2
32,9408.8,3836.96,9,1
37,6205.2,613.72,6,5
41,8597.05,2313.2,7,3
43,16004.23,6350.83,17,1
39,3359.25,2940.84,3,2
38,3551.83,2056.91,3,5
40,4373.92,74.73,5,3
31,8099.01,3933.05,8,2
36,6506.57,2892.38,6,3
36,8872.19,3661.19,11,2
41,4791.79,1654.33,3,6
23,1949.9,1837.54,1,1
21,2558.04,677.89,5,2
18,854.25,3182.39,5,0
45,18040.42,8110.57,18,3
37,4795.97,2502.85,7,2
22,1178.47,576.86,2,1
18,2661.36,666.41,0,1
33,2842.11,1609.61,4,0
32,2262.86,0.0,3,2
51,15610.96,6252.32,15,5
43,10545.78,3904.94,5,5
41,8313.72,3795.3,5,1
20,703.19,1632.18,1,3
47,14565.26,6499.07,14,1
22,6007.1,349.5,4,6
41,4527.65,573.28,1,5
67,16505.78,5447.67,14,1
47,19847.84,6716.91,13,2
32,3717.74,1135.05,3,7
50,17853.14,8323.64,13,1
60,16983.43,6742.09,12,1
34,10510.74,3663.47,6,2
18,500.0,1599.17,1,2
37,6729.04,1298.18,2,7
35,4601.53,1635.95,6,6
27,3063.48,1886.1,4,8
58,16234.46,6412.61,12,4
34,3488.44,1412.88,4,1
40,8805.93,2948.99,9,2
32,6716.48,3357.72,9,3
39,8640.29,3358.26,5,3
33,7036.56,3315.14,8,2
30,4930.59,1538.38,0,4
31,4860.83,428.14,1,2
43,9577.63,3078.99,9,3
30,6946.99,406.92,1,6
53,16987.13,7692.11,15,3
33,10694.45,5442.86,10,0
18,9392.5,6309.53,6,1
62,18697.08,5975.17,14,3
48,5245.78,40.86,5,4
30,500.0,80.96,1,3
28,5685.56,909.06,3,4
27,783.55,0.0,0,1
40,10847.22,4146.67,6,3
56,16328.22,6597.0,11,4
26,8279.84,3823.48,7,2
46,17452.79,8012.0,15,5
31,3852.92,1704.78,1,0
33,3087.56,1035.13,2,2
51,18914.68,7591.33,12,3
34,17360.67,8033.56,12,4
31,3684.45,0.0,1,1
49,15868.39,8799.03,13,4
30,1431.25,1968.39,5,5
39,3737.02,277.67,2,5
58,16463.72,6859.47,15,1
70,17871.17,6896.94,15,4
59,18681.91,7088.11,15,2
36,3652.74,1339.16,4,5
44,7258.73,5031.49,7,2
43,8673.25,4449.67,6,3
31,4797.39,2958.65,3,6
59,15383.04,5639.99,16,0
37,9456.32,2225.25,7,4
28,5764.32,1333.53,5,5
44,8244.36,4607.67,7,0
32,8080.75,4266.09,9,3
48,10242.14,2991.64,4,2
28,4544.05,1091.95,3,0
44,8040.57,3507.04,8,1
43,2030.2,1313.66,1,0
32,7497.27,1067.7,2,7
29,3087.16,1725.86,4,3
34,7536.32,427.36,1,6
34,4213.18,1595.38,5,4
45,7795.67,4383.53,10,1
35,5501.84,1905.32,0,6
56,16740.36,7628.97,15,3
29,2002.73,1615.64,5,5
32,5855.81,0.0,1,5
20,1640.02,691.64,0,0
36,7567.8,3915.59,9,3
27,2600.95,1841.11,2,1
21,1020.55,0.0,1,1
40,1668.15,1290.02,3,2
28,7562.54,2983.44,9,2
22,3072.1,1241.87,5,3
38,1326.86,0.0,2,1
52,16713.11,5654.58,13,4
47,4351.76,2577.11,3,6
43,18336.21,8225.01,10,3
24,1681.68,2416.76,0,6
34,4084.51,0.0,5,7
22,3567.4,502.4,0,0
47,5969.25,2118.51,4,4
34,8128.26,3050.28,8,3
18,500.0,1776.58,0,2
37,4987.32,1419.07,2,7
44,10012.04,4034.04,8,3
53,19550.9,7845.62,11,5
30,2807.3,1923.26,6,6
52,5313.45,3171.22,3,0
28,2068.3,634.67,2,5
28,10228.46,3846.61,8,0
37,500.0,1130.24,5,1
26,4547.67,396.34,5,7
37,6169.53,4082.66,4,3
30,5866.29,33.1,3,4
40,7005.68,5166.63,5,2
27,2114.8,586.63,4,1
62,15345.31,7191.98,12,3
45,7507.62,3851.11,7,2
41,2459.77,615.76,3,0
53,17467.21,7154.41,10,5
18,2647.47,727.83,2,1
18,5670.72,590.81,9,5
30,11010.56,4727.9,5,1
35,5857.14,3870.48,8,1
32,7095.97,1291.13,13,4
34,8034.79,178.96,4,5
59,18374.73,7235.59,14,5
33,17835.6,6973.08,13,3
35,5439.06,2028.82,3,4
53,10241.76,5039.79,9,4
41,6599.41,4691.73,10,1
33,9600.02,2410.69,4,5
18,3507.47,2307.43,0,1
54,5628.51,4059.8,6,2
51,10695.79,3077.18,7,3
33,9376.99,3459.08,7,2
54,17662.79,6159.83,15,3
21,9089.28,3443.55,6,1
38,3621.22,1500.32,7,7
40,6949.88,78.09,4,4
28,500.0,2766.8,5,1
49,15137.51,8404.82,15,2
48,16782.89,6401.13,14,3
28,2349.51,1307.36,3,0
30,3203.52,937.5,0,3
24,6637.01,1377.34,0,6
32,6101.77,3504.24,11,1
33,2929.46,909.08,4,2
18,1584.03,2037.53,3,0
38,3859.63,0.0,4,3
24,4124.58,2074.49,1,0
27,5528.0,1985.78,1,6
34,6038.67,1923.73,3,4
45,8592.47,4307.03,6,2
48,4474.21,1346.9,2,5
38,3948.23,1193.15,2,5
20,6426.81,1902.58,1,4
55,15402.95,6256.76,14,2
42,6610.65,3798.23,11,3
30,3062.93,429.57,0,3
29,1574.87,0.0,1,3
35,1786.8,0.0,0,2
48,15653.6,8504.54,14,5
60,17771.93,7039.55,13,2
28,5597.33,293.02,1,5
33,5008.15,93.27,1,1
35,4321.11,970.32,4,3
40,9356.8,2289.14,9,2
53,15908.92,8427.06,16,0
44,16722.26,6656.55,15,3
32,4359.54,1826.61,2,6
32,10838.73,3418.94,11,3
64,18347.77,5087.66,15,3
38,9945.6,2979.89,8,3
18,3471.64,0.0,2,1
18,2484.62,2347.18,2,1
19,3087.93,612.97,1,1
51,9173.41,3764.55,9,3
49,16665.54,8389.05,16,6
35,6295.59,3220.04,10,2
63,15440.39,5953.51,15,3
53,22070.37,7798.58,17,3
51,16171.75,8117.12,15,2
46,9443.43,3203.98,8,0
40,6961.06,2267.43,1,7
40,20252.59,6989.5,17,4
21,1581.73,4390.17,3,5
22,6058.94,2219.52,2,5
29,610.02,949.45,3,1
41,4286.01,0.0,0,4
40,2867.87,1606.44,5,6
53,9356.35,2961.78,6,1
40,10157.17,2745.9,7,1
57,17990.67,8037.64,14,2
54,16812.45,6344.54,14,3
33,11049.09,3668.5,13,3
26,3196.95,451.04,3,5
52,15217.39,6911.94,12,3
18,6441.15,5088.88,10,5
24,1725.91,628.2,4,1
37,6852.78,2638.29,5,7
36,6641.75,3408.01,7,3
40,4515.84,0.0,8,5
27,12254.01,4763.91,8,3
36,4525.62,808.23,0,2
44,9322.95,3735.37,8,2
59,15758.65,7828.5,15,2
55,18251.82,8727.29,15,2
47,9637.98,2580.61,5,1
44,9857.65,3051.49,4,4
24,9040.65,1650.99,7,2
34,9106.36,4170.42,11,3
49,6254.0,3051.91,4,0
52,21443.77,7304.0,13,2
52,14849.24,7734.56,14,4
33,3229.4,1340.46,1,6
57,20074.85,6277.74,18,3
48,11306.16,5732.58,6,1
38,6443.11,1165.14,2,4
47,18695.09,6900.62,14,2
23,5143.84,1442.17,5,4
49,15613.41,6079.85,12,4
33,3266.27,0.0,4,0
30,2007.64,0.0,0,0
45,8039.84,3853.82,5,5
51,13730.55,5994.67,12,4
43,2506.07,1029.09,3,7
53,21033.62,7750.54,17,3
49,19849.49,7608.09,13,2
28,6129.1,735.62,2,5
27,539.01,3075.76,6,2
37,3692.41,0.0,3,1
45,9831.09,3125.39,9,2
52,7913.48,3396.88,7,4
38,6737.68,1136.57,1,6
53,9337.85,3851.91,7,1
57,16252.85,6841.44,11,3
18,1332.15,1728.5,2,1
58,20091.62,9277.69,15,4
26,500.0,16.72,0,3
42,14589.67,7965.69,8,2
44,17120.61,6467.92,11,2
52,11697.31,4077.9,9,3
27,2748.03,1898.95,0,6
40,1596.9,2007.7,1,5
38,7831.37,4185.36,8,2
31,4227.03,433.0,3,4
52,18219.6,5260.97,13,2
26,8208.47,3648.05,8,2
35,8731.19,2832.94,6,0
18,1140.28,593.53,2,0
25,2325.38,1360.84,6,5
43,17350.78,7874.03,15,4
62,15187.83,6463.32,16,3
23,5790.28,0.0,1,2
20,6413.47,0.0,5,2
35,8986.37,2789.66,7,6
33,1360.09,327.65,5,0
54,16627.99,7759.64,12,3
47,8809.72,3173.83,6,3
35,4696.61,976.1,4,0
22,500.0,722.26,2,0
21,6847.95,2232.68,4,5
27,10469.81,3509.29,8,2
20,3302.44,1151.89,2,0
61,19910.06,6753.97,12,1
39,7137.16,2256.05,0,4
27,2797.28,1390.28,5,8
20,500.0,1321.6,0,1
26,10318.31,3037.29,5,2
54,16856.67,5724.8,11,4
36,9856.17,3498.07,7,2
22,1393.0,0.0,0,3
18,2479.51,1055.77,2,0
36,2767.96,326.03,1,0
72,17911.46,7697.93,13,4
40,17669.99,6782.71,14,4
52,8682.54,3212.07,7,2
33,1617.84,99.75,5,4
28,2247.15,0.0,6,2
21,2308.17,2004.42,3,1
27,3043.44,81.01,5,1
63,15442.41,7208.13,13,2
35,1093.39,1536.22,2,1
31,9048.44,538.2,0,6
25,2735.63,1225.71,0,2
18,1680.61,2167.65,4,1
47,15794.28,6606.98,13,5
26,5631.93,1983.32,6,4
43,3395.48,2573.29,2,6
54,17599.92,6170.88,13,5
60,16917.13,6544.84,14,4
38,8009.1,3031.94,9,3
29,3608.14,1686.92,7,0
43,3782.35,1586.66,1,1
53,8245.0,3034.14,11,6
53,8039.14,3692.36,8,2
24,500.0,1609.97,3,2
47,7139.84,3067.46,9,2
44,15601.37,7189.06,15,2
47,13997.72,7648.06,18,4
50,17492.37,6701.53,14,3
22,2721.12,3462.63,0,1
42,8616.4,3454.54,8,1
40,3786.83,436.48,4,7
42,10825.98,3584.37,10,5
52,16460.24,8492.12,11,2
42,7313.82,2061.31,8,3
46,18149.66,7774.32,12,2
24,1546.38,137.42,2,0
61,16306.68,7224.58,13,0
25,1088.31,1604.2,2,3
49,17999.41,7084.23,16,3
18,3552.06,1182.23,4,4
40,5551.14,2893.2,7,2
21,1883.16,3695.98,3,0
24,3677.46,1465.52,5,6
20,500.0,325.38,0,1
18,1930.74,2276.88,2,7
45,14825.85,7995.22,14,3
33,7344.92,4287.21,6,5
31,8733.49,3940.25,7,3
66,18919.23,7820.56,16,4
25,935.97,322.26,0,0
47,7391.18,4018.0,11,4
54,15297.44,6469.89,16,4
19,5426.67,519.95,4,3
62,18580.14,8554.36,12,3
25,5078.32,946.38,1,6
24,500.0,1393.67,2,3
32,11597.57,2432.51,7,3
73,17530.58,6346.94,11,2
41,8835.28,3156.75,5,2
60,16262.93,7752.38,17,2
28,1047.01,1758.93,3,4
30,8500.2,3787.35,9,4
31,10554.11,4142.34,5,4
18,4313.22,503.83,1,3
63,16142.64,8287.05,15,4
38,10172.05,4188.02,8,2
54,18102.02,7715.75,16,2
33,3966.27,1793.84,0,1
40,8345.13,2379.99,5,4
23,3629.25,1348.73,0,0
22,821.99,1374.84,3,1
36,12537.73,3098.01,6,1
18,6454.33,3001.56,3,5
33,2154.85,1309.98,2,2
27,4525.69,1137.83,5,5
18,2447.78,282.92,2,5
18,1871.47,1841.07,4,1
36,952.04,881.19,0,1
63,16823.11,6827.53,16,2
28,4783.45,1271.24,6,6
57,17631.02,6253.9,16,2
49,16564.02,6047.98,11,5
46,6168.8,4385.6,9,0
49,18966.62,7126.83,16,3
32,4629.93,2119.8,0,6
49,17350.37,7611.79,12,2
52,16529.96,9475.06,13,2
23,3174.44,1335.71,4,1
18,1925.89,1536.65,0,2
37,6985.01,4001.36,11,2
27,7577.1,3560.53,8,4
50,14583.87,6396.24,16,2
28,1842.31,678.04,1,3
24,9482.2,3338.84,8,3
52,9077.1,3118.25,7,2
41,18064.84,7140.87,15,1
39,17128.18,7962.25,14,4
38,7771.09,3368.01,9,3
32,6565.09,2319.83,2,6
34,2806.4,1852.79,2,1
29,10090.62,4505.45,9,2
38,7704.65,5372.01,7,3
24,3332.32,794.91,0,0
44,3128.91,1856.64,3,0
19,2750.07,243.56,1,1
43,4135.26,1256.11,4,8
25,1242.73,1613.37,2,3
25,2906.54,2445.35,0,1
37,8986.86,3530.43,8,3
50,14695.61,7564.59,15,3
38,1678.29,1740.69,6,1
25,3682.62,2529.6,0,3
39,5885.56,2027.01,6,4
18,3418.25,1274.93,4,1
50,9050.83,2026.75,8,1
33,10791.87,599.28,10,2
35,8806.66,4660.18,10,3
29,4921.56,0.0,2,5
38,9907.34,4183.4,9,3
34,20294.6,7168.68,13,2
40,19309.89,6329.65,12,3
38,8235.26,4276.57,11,0
36,1298.04,3076.77,2,7
50,17612.18,7879.63,18,3
45,4390.85,474.37,3,2
52,10949.62,3464.49,5,3
33,6490.41,3546.44,5,5
34,2873.27,414.86,0,0
48,17640.49,7982.98,14,3
33,4561.96,1767.38,2,4
62,15720.38,6053.19,13,2
47,8336.46,4053.54,4,4
36,11855.88,1319.63,4,2
51,14999.03,7325.04,16,2
52,17363.85,7450.33,15,1
55,16930.74,5473.56,15,5
30,8138.47,2989.97,11,1
36,6458.86,761.19,5,5
33,4525.37,987.68,1,0
42,17019.58,7196.26,15,4
24,894.23,1829.36,3,1
32,1576.63,1682.22,0,0
34,6554.58,580.27,5,8
51,19343.36,5392.59,15,3
20,4617.13,1945.28,3,6
43,5710.53,4284.71,5,4
47,17426.09,7152.69,13,1
37,7558.89,3439.32,4,2
24,1338.03,1741.73,3,0
51,17309.7,6555.76,13,1
36,8729.65,3269.55,10,2
18,2079.89,1045.58,1,0
29,500.0,925.07,2,2
37,500.0,1544.06,7,0
18,1583.27,1486.28,1,0
40,8411.28,3350.01,8,2
37,8314.89,2833.2,10,2
39,10463.58,2637.52,6,1
23,4577.47,692.71,2,1
24,6518.85,702.22,3,7
29,1515.67,0.0,2,1
45,16615.13,7637.09,15,2
42,3968.88,1870.42,6,5
28,3198.8,1274.82,1,2
52,7791.95,4339.84,6,2
42,8789.27,4939.35,6,2
29,4558.51,197.96,4,0
33,8732.21,2406.76,6,3
39,9277.84,2839.71,6,4
61,16198.51,6874.22,15,2
39,4397.45,732.35,5,3
31,7339.9,1576.9,3,8
48,7322.92,2932.12,3,0
36,9860.42,3137.27,6,2
37,4855.19,1792.59,3,5
23,4783.91,1371.78,7,5
25,6393.33,4122.31,8,2
29,9589.78,4666.63,5,4
33,4821.81,355.89,2,1
